Total_Units,Total_Net_Revenue,Average_Transaction_Value,Average_Discount,Return_Rate,Unique_Channels,Customer_City,Age_Band,Gender,Acquisition_Channel,Total_Orders,Total_Revenue,Churned
14,27005.8,5401.16,6.0,20.0,4,Delhi,18-24,F,Marketplace,19,33219,0
16,41664.8,8332.96,1.0,0.0,2,Chennai,45-54,F,App,3,35834,0
19,29612.45,5922.49,5.0,20.0,3,Bangalore,35-44,F,App,19,5153,0
15,29879.35,5975.87,6.0,20.0,2,Delhi,55+,M,Website,19,10568,0
17,52209.8,10441.96,3.0,0.0,3,Delhi,45-54,F,Marketplace,8,20359,0
17,26330.5,5266.1,7.0,0.0,4,Chennai,35-44,F,Offline,15,19141,0
15,28470.8,5694.16,6.0,0.0,3,Hyderabad,55+,F,Offline,6,38307,0
20,48623.85,9724.77,9.0,0.0,3,Mumbai,55+,F,Marketplace,18,5263,0
10,18545.0,3709.0,0.0,20.0,4,Pune,45-54,F,Marketplace,14,48843,0
11,35579.8,7115.96,4.0,20.0,4,Hyderabad,55+,M,Website,13,37631,0
11,32525.9,6505.18,7.0,0.0,4,Mumbai,35-44,M,Marketplace,20,28960,0
13,26009.4,5201.88,5.0,0.0,3,Hyderabad,25-34,M,Website,17,35130,0
13,35977.1,7195.42,6.0,20.0,3,Hyderabad,35-44,F,Offline,16,48219,0
13,31814.3,6362.86,4.0,0.0,3,Bangalore,45-54,F,Offline,3,47650,0
16,50434.65,10086.93,4.0,0.0,3,Pune,18-24,M,Marketplace,3,42575,0
10,20452.1,4090.42,1.0,0.0,4,Hyderabad,55+,M,Offline,2,29370,0
18,49331.3,9866.26,4.0,20.0,4,Hyderabad,45-54,M,Offline,19,27915,0
13,25846.0,5169.2,9.0,0.0,3,Bangalore,25-34,F,App,20,41949,0
16,45412.65,9082.53,6.0,0.0,4,Bangalore,55+,F,Website,17,3538,0
18,32203.75,6440.75,4.0,0.0,3,Pune,25-34,F,Website,17,22192,0
17,45278.5,9055.7,6.0,0.0,2,Chennai,45-54,M,Offline,5,17376,0
18,36674.25,7334.85,4.0,0.0,4,Hyderabad,35-44,M,App,18,43454,0
19,40122.45,8024.49,8.0,0.0,4,Delhi,18-24,F,Offline,11,33469,0
13,42824.0,8564.8,3.0,0.0,2,Mumbai,25-34,M,App,11,31189,0
15,43047.2,8609.44,3.0,0.0,3,Mumbai,18-24,M,Marketplace,8,35512,0
11,24548.95,4909.79,9.0,20.0,3,Pune,45-54,M,App,20,46108,0
14,45960.8,9192.16,6.0,20.0,4,Hyderabad,55+,F,App,17,23201,0
15,31180.4,6236.08,2.0,40.0,3,Pune,45-54,M,Website,20,48091,0
18,51827.6,10365.52,3.0,0.0,4,Pune,55+,M,App,14,44665,0
17,66009.15,13201.83,7.0,20.0,3,Mumbai,55+,M,App,18,32732,0
11,38103.8,7620.76,4.0,0.0,3,Mumbai,25-34,M,Offline,11,35888,0
7,20931.8,4186.36,10.0,0.0,3,Mumbai,18-24,F,App,3,9557,0
11,28630.6,5726.12,3.0,20.0,4,Mumbai,45-54,M,Website,20,7834,0
15,37799.5,7559.9,6.0,20.0,2,Bangalore,45-54,F,Website,10,20872,0
19,63834.6,12766.92,3.0,20.0,3,Chennai,18-24,M,App,4,7985,0
18,57685.25,11537.05,8.0,20.0,4,Pune,25-34,F,Offline,18,18947,0
13,39033.0,7806.6,0.0,20.0,4,Mumbai,35-44,M,App,8,8706,0
22,42221.5,8444.3,4.0,20.0,2,Delhi,55+,F,Website,5,20911,0
16,33545.15,6709.03,9.0,0.0,3,Pune,18-24,F,Website,19,4285,0
13,34851.9,6970.38,2.0,20.0,2,Chennai,35-44,M,Website,16,22761,0
18,38595.85,7719.17,5.0,0.0,4,Bangalore,35-44,M,Website,13,25142,0
8,21055.0,4211.0,0.0,0.0,4,Chennai,25-34,F,Marketplace,4,40281,0
16,54048.45,10809.69,9.0,0.0,3,Delhi,45-54,F,Marketplace,13,16464,0
11,33379.65,6675.93,3.0,0.0,2,Pune,45-54,M,Offline,9,4056,0
16,48254.25,9650.85,6.0,0.0,2,Hyderabad,25-34,F,Offline,19,14278,0
16,54166.8,10833.36,9.0,40.0,3,Chennai,18-24,F,Marketplace,17,22041,0
18,20214.5,4042.9,7.0,0.0,3,Mumbai,55+,M,Marketplace,14,29222,0
12,39164.5,7832.9,9.0,20.0,2,Chennai,55+,F,App,12,35950,0
15,48551.8,9710.36,1.0,0.0,2,Hyderabad,35-44,F,App,12,15357,0
17,39675.95,7935.19,3.0,0.0,4,Mumbai,25-34,M,Marketplace,14,3898,0
17,44063.55,8812.71,7.0,0.0,3,Bangalore,55+,F,Offline,11,42058,0
14,36616.65,7323.33,7.0,0.0,3,Pune,35-44,F,App,1,49526,1
15,26642.95,5328.59,8.0,0.0,3,Hyderabad,25-34,F,Website,11,8217,0
17,41227.55,8245.51,6.0,0.0,4,Pune,35-44,M,Website,7,10878,0
21,75533.95,15106.79,6.0,0.0,3,Pune,35-44,M,Offline,13,42915,0
18,54439.0,10887.8,3.0,0.0,3,Mumbai,25-34,F,Offline,19,32558,0
15,41573.6,8314.72,9.0,0.0,3,Pune,45-54,F,App,7,31378,0
14,42734.0,8546.8,4.0,20.0,3,Hyderabad,35-44,F,Website,20,11730,0
11,39025.9,7805.18,3.0,40.0,3,Mumbai,25-34,F,Offline,16,48320,0
20,50376.9,10075.38,7.0,20.0,2,Pune,55+,M,App,7,35262,0
15,37238.4,7447.68,10.0,0.0,2,Pune,45-54,M,Offline,8,20887,0
20,36338.0,7267.6,8.0,0.0,3,Delhi,45-54,M,Offline,15,11585,0
15,33298.0,6659.6,0.0,20.0,3,Pune,18-24,F,App,18,42455,0
18,53813.05,10762.61,4.0,40.0,3,Delhi,45-54,M,Marketplace,2,20889,0
16,47660.2,9532.04,5.0,0.0,3,Mumbai,18-24,F,App,13,42847,0
13,59767.35,11953.47,3.0,20.0,3,Bangalore,25-34,F,Offline,10,37918,0
14,35263.15,7052.63,4.0,20.0,3,Delhi,18-24,M,Website,20,24398,0
18,42624.4,8524.88,3.0,20.0,3,Pune,45-54,F,Marketplace,1,30102,1
23,62895.95,12579.19,9.0,0.0,2,Bangalore,18-24,M,Marketplace,3,47547,0
18,51751.65,10350.33,2.0,0.0,3,Delhi,18-24,F,Offline,16,42087,0
17,47438.85,9487.77,5.0,20.0,2,Mumbai,55+,M,App,15,47463,0
12,40837.9,8167.58,5.0,0.0,2,Mumbai,18-24,M,Offline,10,5008,0
13,38670.95,7734.19,6.0,0.0,2,Mumbai,55+,F,Website,3,15740,0
16,32311.9,6462.38,10.0,0.0,3,Pune,45-54,M,Website,18,13955,0
13,44871.2,8974.24,3.0,0.0,3,Pune,35-44,M,Website,11,40423,0
22,68139.2,13627.84,3.0,0.0,3,Hyderabad,55+,M,Offline,5,14669,0
13,48921.0,9784.2,0.0,0.0,3,Pune,55+,F,Marketplace,18,7129,0
15,33274.8,6654.96,6.0,40.0,4,Pune,45-54,M,Website,13,37718,0
13,36371.6,7274.32,3.0,0.0,3,Delhi,35-44,F,Website,7,12781,0
18,56758.8,11351.76,3.0,0.0,3,Delhi,55+,M,Marketplace,8,21951,0
18,35877.05,7175.41,6.0,0.0,3,Chennai,25-34,F,Offline,3,43199,0
19,60868.5,12173.7,7.0,0.0,4,Delhi,18-24,F,Website,20,5960,0
20,48307.2,9661.44,8.0,20.0,3,Chennai,45-54,F,Offline,14,2339,0
12,20504.0,4100.8,4.0,0.0,3,Delhi,35-44,F,App,8,7900,0
18,42602.05,8520.41,6.0,0.0,4,Mumbai,45-54,F,App,10,13671,0
19,59473.85,11894.77,4.0,0.0,3,Pune,18-24,F,Marketplace,15,36959,0
18,48439.4,9687.88,4.0,20.0,3,Bangalore,25-34,M,Website,18,47329,0
16,39690.4,7938.08,9.0,0.0,3,Delhi,25-34,M,Website,6,40663,0
19,51063.1,10212.62,4.0,0.0,3,Mumbai,18-24,F,Offline,15,27569,0
18,52069.0,10413.8,1.0,0.0,3,Mumbai,55+,F,App,14,30669,0
14,42567.8,8513.56,5.0,20.0,2,Chennai,45-54,F,Offline,2,12501,0
13,23452.4,4690.48,5.0,0.0,3,Delhi,55+,M,Website,17,25484,0
14,28876.5,5775.3,4.0,0.0,3,Delhi,45-54,F,App,14,27596,0
13,18721.2,3744.24,6.0,20.0,4,Bangalore,35-44,M,Offline,16,18226,0
18,69311.7,13862.34,5.0,0.0,3,Bangalore,25-34,M,App,5,49920,0
15,34097.9,6819.58,2.0,0.0,3,Chennai,25-34,F,Website,15,9625,0
18,42167.9,8433.58,5.0,0.0,2,Hyderabad,55+,M,Offline,17,34470,0
12,40483.75,8096.75,4.0,0.0,3,Hyderabad,45-54,M,Website,17,22346,0
21,64908.75,12981.75,7.0,20.0,3,Chennai,35-44,F,Offline,11,13341,0
14,43155.7,8631.14,5.0,20.0,4,Delhi,55+,M,Offline,4,18839,0
16,45405.35,9081.07,4.0,40.0,3,Hyderabad,45-54,M,Website,15,45028,0
15,27420.9,5484.18,7.0,0.0,4,Bangalore,25-34,M,App,1,3775,1
18,23467.4,4693.48,4.0,20.0,4,Hyderabad,45-54,F,Marketplace,17,1535,0
16,37483.55,7496.71,6.0,0.0,3,Hyderabad,45-54,F,Website,12,16681,0
18,55406.8,11081.36,5.0,0.0,3,Mumbai,18-24,F,Marketplace,12,9229,0
19,37241.25,7448.25,8.0,40.0,3,Hyderabad,45-54,F,App,13,40743,0
14,40126.6,8025.32,7.0,0.0,4,Bangalore,25-34,M,Website,9,26103,0
13,30773.4,6154.68,6.0,0.0,3,Delhi,55+,F,App,16,41188,0
14,33031.55,6606.31,5.0,0.0,4,Hyderabad,18-24,M,Website,5,17607,0
19,33674.15,6734.83,6.0,0.0,2,Delhi,35-44,F,Website,18,7550,0
13,44686.55,8937.31,6.0,20.0,4,Mumbai,45-54,M,App,20,32471,0
16,29408.2,5881.64,4.0,20.0,3,Mumbai,18-24,M,App,4,7139,0
15,54766.5,10953.3,2.0,20.0,2,Bangalore,55+,F,Website,3,13847,0
15,33024.8,6604.96,10.0,0.0,3,Mumbai,55+,M,Website,17,45177,0
13,32656.0,6531.2,0.0,0.0,3,Mumbai,45-54,F,App,16,36885,0
14,44505.75,8901.15,7.0,20.0,2,Hyderabad,35-44,F,Website,14,12005,0
16,36282.1,7256.42,5.0,0.0,3,Chennai,35-44,F,App,12,19980,0
19,56820.5,11364.1,6.0,0.0,2,Pune,18-24,F,Website,13,24297,0
23,48977.85,9795.57,6.0,20.0,4,Pune,25-34,M,App,12,7769,0
13,35387.35,7077.47,8.0,20.0,3,Pune,55+,F,App,13,17111,0
8,12322.1,2464.42,12.0,0.0,3,Pune,18-24,F,Offline,14,40325,0
15,27648.85,5529.77,10.0,0.0,3,Delhi,45-54,F,Offline,3,48993,0
19,56337.1,11267.42,3.0,60.0,4,Delhi,25-34,F,Website,11,888,0
12,30645.4,6129.08,7.0,0.0,3,Hyderabad,18-24,F,Marketplace,3,10843,0
17,45780.0,9156.0,5.0,20.0,3,Delhi,55+,M,Website,11,18096,0
14,26323.5,5264.7,12.0,0.0,4,Mumbai,45-54,F,Offline,19,8069,0
12,30003.9,6000.78,1.0,0.0,2,Bangalore,25-34,F,Marketplace,16,12293,0
13,28794.3,5758.86,4.0,40.0,3,Pune,18-24,F,Marketplace,7,5600,0
16,48331.6,9666.32,6.0,0.0,3,Mumbai,55+,F,App,18,49538,0
20,67265.2,13453.04,8.0,0.0,3,Delhi,45-54,F,Website,2,42758,0
18,35478.0,7095.6,0.0,20.0,4,Hyderabad,45-54,F,Offline,2,27177,0
15,17456.1,3491.22,3.0,20.0,3,Chennai,45-54,F,App,5,6787,0
15,47090.55,9418.11,11.0,20.0,4,Mumbai,18-24,M,Offline,9,3113,0
15,41814.05,8362.81,7.0,0.0,3,Delhi,25-34,F,App,18,31740,0
10,25473.1,5094.62,6.0,0.0,3,Pune,45-54,M,Marketplace,17,44332,0
15,50763.0,10152.6,2.0,0.0,3,Bangalore,45-54,F,Offline,4,13150,0
13,28016.45,5603.29,5.0,20.0,3,Pune,45-54,M,Website,5,34432,0
17,46199.25,9239.85,2.0,20.0,4,Hyderabad,25-34,F,Offline,12,43780,0
15,51955.9,10391.18,3.0,20.0,3,Hyderabad,18-24,M,Marketplace,14,49389,0
14,33336.35,6667.27,10.0,0.0,2,Chennai,55+,F,App,1,32271,0
19,62006.85,12401.37,6.0,0.0,2,Chennai,35-44,F,Offline,3,14570,0
13,46868.2,9373.64,5.0,0.0,3,Pune,18-24,M,Marketplace,8,37125,0
23,65256.0,13051.2,3.0,20.0,4,Mumbai,45-54,M,Marketplace,7,19656,0
17,41205.2,8241.04,7.0,20.0,3,Mumbai,18-24,F,Website,13,41095,0
19,55558.7,11111.74,5.0,0.0,4,Chennai,18-24,M,Marketplace,6,33287,0
12,28752.2,5750.44,8.0,0.0,4,Pune,45-54,F,Offline,7,36395,0
15,27525.15,5505.03,8.0,0.0,3,Pune,18-24,M,App,10,6621,0
14,35614.75,7122.95,1.0,0.0,3,Bangalore,18-24,M,Offline,15,44027,0
8,21238.7,4247.74,4.0,20.0,3,Hyderabad,45-54,F,Offline,20,8043,0
13,36594.5,7318.9,6.0,0.0,2,Bangalore,55+,F,Offline,1,20361,1
17,18028.85,3605.77,6.0,0.0,4,Chennai,35-44,M,Website,17,34194,0
11,22906.8,4581.36,3.0,0.0,4,Bangalore,18-24,F,Website,20,38944,0
19,56749.25,11349.85,5.0,0.0,3,Hyderabad,55+,M,Website,12,10093,0
10,20624.0,4124.8,3.0,20.0,3,Chennai,25-34,F,Website,13,1032,0
11,28118.3,5623.66,3.0,0.0,3,Pune,35-44,M,App,5,36384,0
17,39074.45,7814.89,1.0,20.0,4,Delhi,55+,M,Marketplace,8,13788,0
17,56416.15,11283.23,5.0,0.0,3,Delhi,35-44,M,Website,15,25969,0
16,30917.25,6183.45,3.0,20.0,4,Hyderabad,55+,F,Marketplace,17,18202,0
14,56882.0,11376.4,3.0,0.0,4,Hyderabad,35-44,M,Marketplace,2,10659,0
12,28820.35,5764.07,5.0,0.0,3,Bangalore,55+,M,App,12,48224,0
17,37609.25,7521.85,8.0,0.0,3,Delhi,25-34,M,Website,15,7624,0
16,33803.8,6760.76,9.0,0.0,4,Pune,25-34,M,Website,13,41258,0
13,44275.6,8855.12,2.0,0.0,4,Mumbai,45-54,F,App,7,38340,0
11,26401.65,5280.33,8.0,20.0,3,Chennai,45-54,F,App,19,44202,0
18,42284.1,8456.82,5.0,20.0,3,Bangalore,55+,F,Website,2,1265,0
15,42689.55,8537.91,5.0,0.0,4,Chennai,18-24,F,Website,14,26312,0
11,43612.0,8722.4,7.0,20.0,3,Delhi,45-54,F,App,10,19454,0
19,57274.6,11454.92,6.0,20.0,4,Bangalore,45-54,F,Marketplace,13,39958,0
15,38995.5,7799.1,6.0,0.0,3,Delhi,25-34,M,Website,18,37057,0
12,25281.0,5056.2,4.0,20.0,3,Chennai,35-44,F,Offline,20,20314,0
17,62140.4,12428.08,2.0,20.0,2,Hyderabad,35-44,F,Offline,13,27112,0
17,35374.75,7074.95,8.0,60.0,3,Delhi,35-44,M,Website,19,3312,0
19,49835.25,9967.05,2.0,20.0,4,Chennai,25-34,F,Offline,17,36684,0
16,48601.4,9720.28,2.0,20.0,3,Chennai,18-24,F,Offline,17,42909,0
20,50524.0,10104.8,0.0,0.0,2,Mumbai,18-24,F,Marketplace,14,16342,0
16,50584.8,10116.96,4.0,0.0,2,Mumbai,25-34,M,Marketplace,20,1220,0
22,41776.7,8355.34,9.0,0.0,3,Pune,45-54,F,Offline,1,32592,1
15,59932.8,11986.56,1.0,20.0,2,Delhi,18-24,F,Website,7,41480,0
20,36512.1,7302.42,5.0,20.0,4,Delhi,18-24,M,Website,15,17133,0
20,40525.7,8105.14,4.0,0.0,2,Chennai,55+,F,Marketplace,17,573,0
12,37222.85,7444.57,1.0,40.0,3,Mumbai,55+,M,App,13,10780,0
9,25917.85,5183.57,3.0,20.0,4,Mumbai,45-54,F,App,4,45545,0
15,31424.4,6284.88,10.0,0.0,3,Pune,55+,F,App,12,11185,0
17,34314.0,6862.8,9.0,20.0,3,Hyderabad,25-34,M,Marketplace,5,27263,0
16,32454.55,6490.91,1.0,0.0,3,Hyderabad,35-44,M,Marketplace,3,15527,0
10,21875.2,4375.04,3.0,40.0,3,Pune,35-44,F,Offline,11,13497,0
19,50750.05,10150.01,8.0,0.0,3,Hyderabad,45-54,F,Marketplace,8,17987,0
15,57045.5,11409.1,5.0,20.0,3,Bangalore,45-54,F,Marketplace,8,44740,0
16,45980.9,9196.18,3.0,0.0,4,Pune,55+,M,App,19,26368,0
14,33519.75,6703.95,1.0,0.0,3,Bangalore,55+,F,Website,16,16310,0
23,44732.15,8946.43,6.0,20.0,3,Hyderabad,25-34,M,App,5,43344,0
14,22828.2,4565.64,4.0,0.0,3,Chennai,55+,F,Marketplace,3,13895,0
18,44947.55,8989.51,6.0,40.0,4,Mumbai,45-54,M,App,3,31873,0
15,57132.55,11426.51,5.0,0.0,3,Bangalore,45-54,M,Website,8,979,0
18,32618.85,6523.77,8.0,20.0,4,Chennai,18-24,M,Marketplace,13,18911,0
13,35744.65,7148.93,6.0,0.0,4,Mumbai,55+,M,Marketplace,8,19703,0
11,23017.1,4603.42,6.0,20.0,4,Bangalore,55+,M,Marketplace,5,9229,0
15,12905.25,2581.05,6.0,0.0,4,Mumbai,55+,M,App,19,17990,0
13,20380.0,4076.0,9.0,0.0,3,Pune,18-24,M,Website,10,7710,0
20,42001.0,8400.2,4.0,40.0,3,Delhi,55+,F,Offline,1,15233,1
