Customer_ID,Churned,Churn_Probability,Churn_Score,Risk_Category,Predicted_Churn
C78,1,0.9675768718603944,96.76,High Risk,1
C99,1,0.9503408791974002,95.03,High Risk,1
C190,1,0.9468498656412802,94.68,High Risk,1
C53,1,0.9252951880072122,92.53,High Risk,1
C145,1,0.920717502001216,92.07,High Risk,1
C67,0,0.9001756992073398,90.02,High Risk,1
C44,0,0.7756475000850694,77.56,High Risk,1
C28,0,0.591459073462463,59.15,Medium Risk,0
C16,1,0.5261747977005438,52.62,Medium Risk,0
C132,0,0.4836215143764091,48.36,Medium Risk,0
C171,0,0.4789606117811328,47.9,Medium Risk,0
C45,0,0.41049000656680523,41.05,Medium Risk,0
C110,0,0.3887814204468458,38.88,Low Risk,0
C152,0,0.38412177477587545,38.41,Low Risk,0
C20,0,0.34772622883175847,34.77,Low Risk,0
C90,0,0.3335318952832701,33.35,Low Risk,0
C160,0,0.3266456252953516,32.66,Low Risk,0
C127,0,0.31933201651145166,31.93,Low Risk,0
C96,0,0.2889782107440641,28.9,Low Risk,0
C36,0,0.2748982696924695,27.49,Low Risk,0
C189,0,0.2568222724492881,25.68,Low Risk,0
C104,0,0.24355197889263014,24.36,Low Risk,0
C83,0,0.2302413292649245,23.02,Low Risk,0
C164,0,0.2244098991058623,22.44,Low Risk,0
C40,0,0.2220461833242735,22.2,Low Risk,0
C91,0,0.22123372680419442,22.12,Low Risk,0
C15,0,0.22029161815800552,22.03,Low Risk,0
C92,0,0.2066122281996236,20.66,Low Risk,0
C58,0,0.20599136863896456,20.6,Low Risk,0
C174,0,0.19366799926120573,19.37,Low Risk,0
C2,0,0.183505639399503,18.35,Low Risk,0
C180,0,0.1810888445798508,18.11,Low Risk,0
C5,0,0.18051287664647178,18.05,Low Risk,0
C147,0,0.17972642958930596,17.97,Low Risk,0
C35,0,0.1743967446211533,17.44,Low Risk,0
C37,0,0.15695820088703205,15.7,Low Risk,0
C112,0,0.14300579441269115,14.3,Low Risk,0
C84,0,0.1354532439322638,13.55,Low Risk,0
C25,0,0.1274617911224649,12.75,Low Risk,0
C144,0,0.12303871532331472,12.3,Low Risk,0
C184,0,0.1204320738160521,12.04,Low Risk,0
C153,0,0.11195453814572943,11.2,Low Risk,0
C33,0,0.10118402014175495,10.12,Low Risk,0
C3,0,0.10094216721624102,10.09,Low Risk,0
C86,0,0.09396198795586316,9.4,Low Risk,0
C167,0,0.09384860740250382,9.38,Low Risk,0
C85,0,0.08918984083743878,8.92,Low Risk,0
C156,0,0.08577232997142248,8.58,Low Risk,0
C50,0,0.07747932341940128,7.75,Low Risk,0
C178,0,0.07086401443386027,7.09,Low Risk,0
C26,0,0.062083454771888515,6.21,Low Risk,0
C41,0,0.05697311057461879,5.7,Low Risk,0
C111,0,0.05630266038596744,5.63,Low Risk,0
C17,0,0.04836299522912288,4.84,Low Risk,0
C10,0,0.04583886783470414,4.58,Low Risk,0
C61,0,0.04315709745036871,4.32,Low Risk,0
C119,0,0.04181617329647073,4.18,Low Risk,0
C82,0,0.0413527407677201,4.14,Low Risk,0
C188,0,0.0311411363921988,3.11,Low Risk,0
C117,0,0.03003984348881077,3.0,Low Risk,0
C38,0,0.029645483797571492,2.96,Low Risk,0
C98,0,0.029482838140361303,2.95,Low Risk,0
C195,0,0.02902002057899325,2.9,Low Risk,0
C13,0,0.02784437402105238,2.78,Low Risk,0
C129,0,0.022971079422398403,2.3,Low Risk,0
C175,0,0.022640317201390023,2.26,Low Risk,0
C146,0,0.02081292182204093,2.08,Low Risk,0
C100,0,0.01885755819048347,1.89,Low Risk,0
C29,0,0.017767315802838798,1.78,Low Risk,0
C158,0,0.016710366219357498,1.67,Low Risk,0
C59,0,0.01664030277337793,1.66,Low Risk,0
C27,0,0.01664979513631936,1.66,Low Risk,0
C87,0,0.01560610948985321,1.56,Low Risk,0
C197,0,0.01483043436285488,1.48,Low Risk,0
C131,0,0.01450912865837291,1.45,Low Risk,0
C183,0,0.013667880120363969,1.37,Low Risk,0
C62,0,0.011977532005464944,1.2,Low Risk,0
C23,0,0.011988332878901308,1.2,Low Risk,0
C135,0,0.011996892721471749,1.2,Low Risk,0
C138,0,0.011039382023565943,1.1,Low Risk,0
C88,0,0.010395345572648262,1.04,Low Risk,0
C103,0,0.010406398530167305,1.04,Low Risk,0
C95,0,0.01000442395877554,1.0,Low Risk,0
C194,0,0.009749394331694474,0.97,Low Risk,0
C64,0,0.009622982869159379,0.96,Low Risk,0
C136,0,0.009478003143911942,0.95,Low Risk,0
C69,0,0.008164700944146418,0.82,Low Risk,0
C170,0,0.008150759428477683,0.82,Low Risk,0
C93,0,0.00797305017262502,0.8,Low Risk,0
C148,0,0.007792680650880018,0.78,Low Risk,0
C65,0,0.007117663340935141,0.71,Low Risk,0
C141,0,0.006677815586449138,0.67,Low Risk,0
C47,0,0.0064716247754641534,0.65,Low Risk,0
C30,0,0.006157362000808476,0.62,Low Risk,0
C102,0,0.00585628979350775,0.59,Low Risk,0
C130,0,0.004885768983030562,0.49,Low Risk,0
C173,0,0.004743136198589481,0.47,Low Risk,0
C42,0,0.004267123163173047,0.43,Low Risk,0
C154,0,0.0043397066929120615,0.43,Low Risk,0
C140,0,0.004204913870535622,0.42,Low Risk,0
C46,0,0.004135844874037398,0.41,Low Risk,0
C24,0,0.004027944958594552,0.4,Low Risk,0
C49,0,0.003936469059549165,0.39,Low Risk,0
C124,0,0.0035504242431868174,0.36,Low Risk,0
C7,0,0.003375089180699536,0.34,Low Risk,0
C142,0,0.0033422872408272954,0.33,Low Risk,0
C116,0,0.0030874289349075838,0.31,Low Risk,0
C115,0,0.00299281827487633,0.3,Low Risk,0
C166,0,0.002734286955717218,0.27,Low Risk,0
C79,0,0.0027240700847760827,0.27,Low Risk,0
C163,0,0.002487602072134347,0.25,Low Risk,0
C198,0,0.002363820714832675,0.24,Low Risk,0
C196,0,0.002346970766799309,0.23,Low Risk,0
C169,0,0.0022428807793075153,0.22,Low Risk,0
C114,0,0.002062070449883512,0.21,Low Risk,0
C72,0,0.002071088799644446,0.21,Low Risk,0
C182,0,0.001951693812230494,0.2,Low Risk,0
C63,0,0.002037144569840464,0.2,Low Risk,0
C22,0,0.0019448904505725549,0.19,Low Risk,0
C18,0,0.0017841519121742505,0.18,Low Risk,0
C12,0,0.0016654348057511372,0.17,Low Risk,0
C48,0,0.0015943609809017858,0.16,Low Risk,0
C56,0,0.0015831364171808371,0.16,Low Risk,0
C192,0,0.0016472917015573105,0.16,Low Risk,0
C126,0,0.0016397816277963528,0.16,Low Risk,0
C9,0,0.0014857528562249051,0.15,Low Risk,0
C137,0,0.0013991290255064381,0.14,Low Risk,0
C193,0,0.0013236242556792005,0.13,Low Risk,0
C105,0,0.00132446565561225,0.13,Low Risk,0
C81,0,0.001310982118348694,0.13,Low Risk,0
C157,0,0.0013419790013067068,0.13,Low Risk,0
C120,0,0.0013113685612815445,0.13,Low Risk,0
C11,0,0.001228804574208785,0.12,Low Risk,0
C133,0,0.0010713194364433843,0.11,Low Risk,0
C94,0,0.0011090308607270387,0.11,Low Risk,0
C31,0,0.0010950277551831208,0.11,Low Risk,0
C8,0,0.0010236757356603787,0.1,Low Risk,0
C73,0,0.001042777025070819,0.1,Low Risk,0
C179,0,0.000993832236021011,0.1,Low Risk,0
C57,0,0.0010489616408685947,0.1,Low Risk,0
C97,0,0.0009221746378233122,0.09,Low Risk,0
C39,0,0.0009417439303160721,0.09,Low Risk,0
C32,0,0.0008334865214810082,0.08,Low Risk,0
C162,0,0.0008494524626645687,0.08,Low Risk,0
C122,0,0.0007429729835296234,0.07,Low Risk,0
C143,0,0.0006636632145162929,0.07,Low Risk,0
C176,0,0.0006347927014607901,0.06,Low Risk,0
C165,0,0.0005919672805047994,0.06,Low Risk,0
C80,0,0.0006163918321178292,0.06,Low Risk,0
C186,0,0.0004589274802892996,0.05,Low Risk,0
C51,0,0.0004857370759117138,0.05,Low Risk,0
C60,0,0.0004768905864983059,0.05,Low Risk,0
C191,0,0.0005187021827967702,0.05,Low Risk,0
C6,0,0.00040395252776922504,0.04,Low Risk,0
C155,0,0.0003734473842004198,0.04,Low Risk,0
C151,0,0.00036042535993723187,0.04,Low Risk,0
C161,0,0.0003549975505210021,0.04,Low Risk,0
C106,0,0.00039161620618667604,0.04,Low Risk,0
C89,0,0.0003708419434710523,0.04,Low Risk,0
C74,0,0.00036815154225053044,0.04,Low Risk,0
C54,0,0.000444233521972321,0.04,Low Risk,0
C185,0,0.0003504279203380577,0.04,Low Risk,0
C200,0,0.0003582554866455097,0.04,Low Risk,0
C34,0,0.00038442501770878694,0.04,Low Risk,0
C107,0,0.00027305017142487223,0.03,Low Risk,0
C177,0,0.00026130779449599315,0.03,Low Risk,0
C139,0,0.00029629734760815125,0.03,Low Risk,0
C118,0,0.0003221067166823363,0.03,Low Risk,0
C76,0,0.0003059710113379746,0.03,Low Risk,0
C181,0,0.0002912650528753189,0.03,Low Risk,0
C71,0,0.00017655671042821126,0.02,Low Risk,0
C68,0,0.00020232740144084362,0.02,Low Risk,0
C101,0,0.00024890781748137294,0.02,Low Risk,0
C149,0,0.00017042698950481389,0.02,Low Risk,0
C125,0,0.00015040149635450455,0.02,Low Risk,0
C121,0,0.00016672997063326531,0.02,Low Risk,0
C109,0,8.510212887100204e-05,0.01,Low Risk,0
C1,0,0.0001228302387360817,0.01,Low Risk,0
C21,0,0.00010702920531524611,0.01,Low Risk,0
C70,0,9.938970800830362e-05,0.01,Low Risk,0
C172,0,7.384438382669354e-05,0.01,Low Risk,0
C150,0,6.323288458528964e-05,0.01,Low Risk,0
C14,0,0.00011029487374190016,0.01,Low Risk,0
C134,0,6.641598591664817e-05,0.01,Low Risk,0
C75,0,6.355865568425741e-05,0.01,Low Risk,0
C55,0,5.9504997828862246e-05,0.01,Low Risk,0
C66,0,6.475364192054852e-05,0.01,Low Risk,0
C4,0,6.96856283925357e-05,0.01,Low Risk,0
C19,0,5.534120167858966e-05,0.01,Low Risk,0
C168,0,0.0001430393721274727,0.01,Low Risk,0
C113,0,3.799557001463731e-05,0.0,Low Risk,0
C128,0,6.206002667958146e-06,0.0,Low Risk,0
C159,0,1.4802695375013542e-05,0.0,Low Risk,0
C108,0,2.610794413795059e-05,0.0,Low Risk,0
C123,0,2.7571626052649718e-05,0.0,Low Risk,0
C187,0,1.0073213733447046e-05,0.0,Low Risk,0
C199,0,1.5083113178941108e-05,0.0,Low Risk,0
C52,0,3.5093288003750925e-05,0.0,Low Risk,0
C43,0,3.230704505848672e-05,0.0,Low Risk,0
C77,0,1.8244158114490627e-05,0.0,Low Risk,0
