Customer_ID,City,Age_Band,Gender,Acquisition_Channel,First_Purchase_Date,Total_Orders,Total_Revenue,Last_Purchase_Date,Churned,Transaction_Count,Total_Units,Average_Unit_Price,Average_Discount,Return_Count,Return_Rate,Average_Transaction_Value,Days_Since_Last_Purchase
C1,Delhi,18-24,F,Marketplace,2025-11-08,19,33219,2026-04-27,0,5,14,2184.8,6.0,1,0.2,30587.200000000004,62
C2,Mumbai,18-24,M,App,2025-03-19,4,7139,2025-11-11,0,5,16,1793.2,4.0,1,0.2,28691.2,229
C3,Hyderabad,18-24,F,Marketplace,2025-04-03,3,10843,2025-12-22,0,5,12,2794.0,7.0,0,0.0,33528.0,188
C4,Pune,45-54,M,Marketplace,2024-09-13,17,44332,2026-06-01,0,5,10,2507.8,6.0,0,0.0,25078.0,27
C5,Pune,45-54,F,Offline,2024-11-27,7,36395,2026-04-11,0,5,12,2607.2,8.0,0,0.0,31286.399999999998,78
C6,Delhi,35-44,M,Website,2025-10-13,15,25969,2025-10-23,0,5,17,3504.0,5.0,0,0.0,59568.0,248
C7,Bangalore,45-54,F,Marketplace,2025-07-16,13,39958,2025-07-28,0,5,19,3173.2,6.0,1,0.2,60290.799999999996,335
C8,Delhi,18-24,M,Website,2025-09-16,15,17133,2025-07-24,0,5,20,2065.2,5.0,1,0.2,41304.0,339
C9,Bangalore,55+,F,Website,2025-10-27,16,16310,2025-10-29,0,5,14,2790.0,1.0,0,0.0,39060.0,242
C10,Chennai,45-54,F,App,2025-12-26,3,35834,2025-10-20,0,5,16,2473.6,1.0,0,0.0,39577.6,251
C11,Hyderabad,35-44,F,Offline,2026-04-27,16,48219,2026-04-21,0,5,13,2845.0,6.0,1,0.2,36985.0,68
C12,Mumbai,25-34,M,App,2025-03-24,11,31189,2026-02-01,0,5,13,3098.8,3.0,0,0.0,40284.4,147
C13,Chennai,18-24,M,App,2024-09-20,4,7985,2026-01-29,0,5,19,3397.2,3.0,1,0.2,64546.799999999996,150
C14,Chennai,18-24,F,Marketplace,2026-04-27,17,22041,2026-03-31,0,5,16,3147.6,9.0,2,0.4,50361.6,89
C15,Pune,45-54,F,App,2024-12-16,7,31378,2025-08-23,0,5,15,3372.8,9.0,0,0.0,50592.0,309
C16,Pune,45-54,F,Marketplace,2026-04-30,1,30102,2025-09-23,1,5,18,2466.0,3.0,1,0.2,44388.0,278
C17,Delhi,35-44,F,Website,2025-09-05,7,12781,2026-02-16,0,5,13,2708.0,3.0,0,0.0,35204.0,132
C18,Mumbai,55+,F,App,2025-06-21,14,30669,2025-07-22,0,5,18,3030.6,1.0,0,0.0,54550.799999999996,341
C19,Hyderabad,45-54,M,Website,2024-11-26,15,45028,2026-07-03,0,5,16,2541.2,4.0,2,0.4,40659.2,-5
C20,Bangalore,55+,F,Website,2025-10-28,3,13847,2026-03-13,0,5,15,3404.6,2.0,1,0.2,51069.0,107
C21,Mumbai,45-54,F,App,2025-12-19,16,36885,2025-09-03,0,5,13,2277.8,0.0,0,0.0,29611.4,298
C22,Hyderabad,35-44,F,Website,2024-07-17,14,12005,2026-05-11,0,5,14,2555.6,7.0,1,0.2,35778.4,48
C23,Chennai,35-44,F,App,2025-11-10,12,19980,2025-10-18,0,5,16,2700.4,5.0,0,0.0,43206.4,253
C24,Pune,18-24,F,Website,2025-07-13,13,24297,2026-02-25,0,5,19,3287.4,6.0,0,0.0,62460.6,123
C25,Pune,25-34,M,App,2025-01-07,12,7769,2026-05-15,0,5,23,2331.6,6.0,1,0.2,53626.799999999996,44
C26,Pune,55+,F,App,2026-03-25,13,17111,2025-08-09,0,5,13,2314.8,8.0,1,0.2,30092.4,323
C27,Pune,18-24,F,Offline,2025-10-31,14,40325,2025-09-12,0,5,8,1792.4,12.0,0,0.0,14339.2,289
C28,Delhi,45-54,F,Offline,2025-10-13,3,48993,2026-06-10,0,5,15,1932.6,10.0,0,0.0,28989.0,18
C29,Delhi,25-34,F,Website,2024-11-13,11,888,2026-03-12,0,5,19,3116.2,3.0,3,0.6,59207.799999999996,108
C30,Delhi,55+,M,Website,2026-04-03,11,18096,2026-02-23,0,5,17,2509.0,5.0,1,0.2,42653.0,125
C31,Mumbai,45-54,F,Offline,2025-09-30,19,8069,2026-04-16,0,5,14,2412.6,12.0,0,0.0,33776.4,73
C32,Bangalore,25-34,F,Marketplace,2024-07-22,16,12293,2025-07-13,0,5,12,2746.4,1.0,0,0.0,32956.8,350
C33,Pune,18-24,F,Marketplace,2026-05-13,7,5600,2026-05-14,0,5,13,2817.0,4.0,2,0.4,36621.0,45
C34,Mumbai,55+,F,App,2024-09-08,18,49538,2026-03-03,0,5,16,3511.2,6.0,0,0.0,56179.2,117
C35,Delhi,45-54,F,Website,2025-02-20,2,42758,2025-11-21,0,5,20,3765.6,8.0,0,0.0,75312.0,219
C36,Hyderabad,45-54,F,Offline,2025-05-04,2,27177,2025-08-03,0,5,18,2195.2,0.0,1,0.2,39513.6,329
C37,Chennai,45-54,F,App,2024-08-22,5,6787,2026-06-29,0,5,15,1761.8,3.0,1,0.2,26427.0,-1
C38,Mumbai,18-24,M,Offline,2024-12-15,9,3113,2025-08-20,0,5,15,3329.2,11.0,1,0.2,49938.0,312
C39,Delhi,25-34,F,App,2026-05-08,18,31740,2025-08-14,0,5,15,3022.4,7.0,0,0.0,45336.0,318
C40,Bangalore,45-54,F,Offline,2025-08-30,4,13150,2025-11-04,0,5,15,3581.8,2.0,0,0.0,53727.0,236
C41,Pune,45-54,M,Website,2025-07-18,5,34432,2025-11-17,0,5,13,2223.8,5.0,1,0.2,28909.4,223
C42,Hyderabad,25-34,F,Offline,2024-10-17,12,43780,2026-05-19,0,5,17,2783.8,2.0,1,0.2,47324.600000000006,40
C43,Hyderabad,18-24,M,Marketplace,2024-10-27,14,49389,2026-04-05,0,5,15,3367.6,3.0,1,0.2,50514.0,84
C44,Chennai,55+,F,App,2024-07-30,1,32271,2025-10-13,0,5,14,2716.8,10.0,0,0.0,38035.200000000004,258
C45,Chennai,35-44,F,Offline,2026-04-21,3,14570,2026-06-14,0,5,19,3218.4,6.0,0,0.0,61149.6,14
C46,Pune,18-24,M,Marketplace,2024-12-13,8,37125,2025-08-28,0,5,13,3564.6,5.0,0,0.0,46339.799999999996,304
C47,Mumbai,45-54,M,Marketplace,2026-04-15,7,19656,2026-04-25,0,5,23,2898.6,3.0,1,0.2,66667.8,64
C48,Mumbai,18-24,F,Website,2025-02-23,13,41095,2026-03-17,0,5,17,2869.8,7.0,1,0.2,48786.600000000006,103
C49,Chennai,18-24,M,Marketplace,2025-10-10,6,33287,2026-06-08,0,5,19,3139.4,5.0,0,0.0,59648.6,20
C50,Pune,18-24,M,App,2025-04-09,10,6621,2026-03-24,0,5,15,2303.0,8.0,0,0.0,34545.0,96
C51,Bangalore,18-24,M,Offline,2025-06-09,15,44027,2025-08-03,0,5,14,3045.0,1.0,0,0.0,42630.0,329
C52,Hyderabad,45-54,F,Offline,2025-12-28,20,8043,2025-10-18,0,5,8,2823.2,4.0,1,0.2,22585.6,253
C53,Bangalore,55+,F,Offline,2024-12-24,1,20361,2026-05-15,1,5,13,3058.6,6.0,0,0.0,39761.799999999996,44
C54,Chennai,35-44,M,Website,2025-06-16,17,34194,2025-11-24,0,5,17,1254.6,6.0,0,0.0,21328.199999999997,216
C55,Bangalore,18-24,F,Website,2024-10-09,20,38944,2026-06-15,0,5,11,2617.4,3.0,0,0.0,28791.4,13
C56,Hyderabad,55+,M,Website,2024-10-31,12,10093,2025-10-18,0,5,19,3312.6,5.0,0,0.0,62939.4,253
C57,Chennai,25-34,F,Website,2026-03-25,13,1032,2025-10-24,0,5,10,2598.4,3.0,1,0.2,25984.0,247
C58,Pune,35-44,M,App,2025-06-21,5,36384,2026-05-25,0,5,11,2907.2,3.0,0,0.0,31979.199999999997,34
C59,Delhi,55+,M,Marketplace,2025-09-05,8,13788,2026-01-15,0,5,17,2459.6,1.0,1,0.2,41813.2,164
C60,Hyderabad,55+,F,Marketplace,2026-03-23,17,18202,2026-05-24,0,5,16,1975.4,3.0,1,0.2,31606.4,35
C61,Hyderabad,35-44,M,Marketplace,2025-10-04,2,10659,2026-04-03,0,5,14,3826.8,3.0,0,0.0,53575.200000000004,86
C62,Bangalore,55+,M,App,2025-11-26,12,48224,2026-05-21,0,5,12,2503.4,5.0,0,0.0,30040.800000000003,38
C63,Delhi,25-34,M,Website,2025-11-12,15,7624,2026-01-06,0,5,17,2465.6,8.0,0,0.0,41915.2,173
C64,Pune,25-34,M,Website,2024-08-20,13,41258,2025-07-25,0,5,16,2789.8,9.0,0,0.0,44636.8,338
C65,Mumbai,45-54,F,App,2025-01-24,7,38340,2025-11-15,0,5,13,2844.8,2.0,0,0.0,36982.4,225
C66,Chennai,45-54,F,App,2025-07-24,19,44202,2026-01-16,0,5,11,2508.0,8.0,1,0.2,27588.0,163
C67,Bangalore,55+,F,Website,2025-03-10,2,1265,2025-09-06,0,5,18,2469.0,5.0,1,0.2,44442.0,295
C68,Chennai,18-24,F,Website,2025-01-30,14,26312,2025-11-17,0,5,15,3044.4,5.0,0,0.0,45666.0,223
C69,Delhi,45-54,F,App,2024-07-30,10,19454,2025-08-31,0,5,11,3823.0,7.0,1,0.2,42053.0,301
C70,Delhi,25-34,M,Website,2025-07-31,18,37057,2026-05-11,0,5,15,2592.6,6.0,0,0.0,38889.0,48
C71,Chennai,35-44,F,Offline,2026-05-29,20,20314,2025-12-27,0,5,12,2503.4,4.0,1,0.2,30040.800000000003,183
C72,Hyderabad,35-44,F,Offline,2025-04-15,13,27112,2025-09-05,0,5,17,3394.4,2.0,1,0.2,57704.8,296
C73,Delhi,35-44,M,Website,2025-06-24,19,3312,2025-10-25,0,5,17,2294.4,8.0,3,0.6,39004.8,246
C74,Chennai,25-34,F,Offline,2024-09-09,17,36684,2025-10-14,0,5,19,2593.6,2.0,1,0.2,49278.4,257
C75,Chennai,18-24,F,Offline,2025-04-30,17,42909,2026-06-24,0,5,16,3232.6,2.0,1,0.2,51721.6,4
C76,Mumbai,18-24,F,Marketplace,2024-08-08,14,16342,2025-09-24,0,5,20,2526.2,0.0,0,0.0,50524.0,277
C77,Mumbai,25-34,M,Marketplace,2026-05-06,20,1220,2025-11-19,0,5,16,3204.2,4.0,0,0.0,51267.2,221
C78,Pune,45-54,F,Offline,2024-11-16,1,32592,2025-09-09,1,5,22,2233.2,9.0,0,0.0,49130.399999999994,292
C79,Delhi,18-24,F,Website,2024-11-01,7,41480,2026-04-27,0,5,15,3987.2,1.0,1,0.2,59808.0,62
C80,Chennai,55+,F,Marketplace,2025-10-08,17,573,2026-05-21,0,5,20,2084.4,4.0,0,0.0,41688.0,38
C81,Mumbai,55+,M,App,2025-07-10,13,10780,2026-06-25,0,5,12,3284.4,1.0,2,0.4,39412.8,3
C82,Mumbai,45-54,F,App,2026-04-21,4,45545,2025-08-10,0,5,9,2193.4,3.0,1,0.2,19740.600000000002,322
C83,Pune,55+,F,App,2024-12-13,12,11185,2025-08-19,0,5,15,2096.8,10.0,0,0.0,31452.000000000004,313
C84,Hyderabad,25-34,M,Marketplace,2024-10-08,5,27263,2026-03-03,0,5,17,2207.6,9.0,1,0.2,37529.2,117
C85,Hyderabad,35-44,M,Marketplace,2024-12-07,3,15527,2025-12-18,0,5,16,2079.4,1.0,0,0.0,33270.4,192
C86,Pune,35-44,F,Offline,2026-04-28,11,13497,2026-01-31,0,5,10,2595.2,3.0,2,0.4,25952.0,148
C87,Hyderabad,45-54,F,Marketplace,2025-04-26,8,17987,2026-01-16,0,5,19,2691.6,8.0,0,0.0,51140.4,163
C88,Bangalore,45-54,F,Marketplace,2025-07-23,8,44740,2026-05-21,0,5,15,3662.2,5.0,1,0.2,54933.0,38
C89,Pune,55+,M,App,2024-09-08,19,26368,2025-11-12,0,5,16,2686.2,3.0,0,0.0,42979.2,228
C90,Hyderabad,25-34,M,App,2025-02-19,5,43344,2025-08-20,0,5,23,2265.6,6.0,1,0.2,52108.799999999996,312
C91,Chennai,55+,F,Marketplace,2025-06-19,3,13895,2025-11-14,0,5,14,2453.6,4.0,0,0.0,34350.4,226
C92,Mumbai,45-54,M,App,2025-01-12,3,31873,2025-08-08,0,5,18,2409.4,6.0,2,0.4,43369.200000000004,324
C93,Bangalore,45-54,M,Website,2025-04-16,8,979,2025-07-21,0,5,15,4005.2,5.0,0,0.0,60078.0,342
C94,Chennai,18-24,M,Marketplace,2024-09-29,13,18911,2025-10-08,0,5,18,2105.4,8.0,1,0.2,37897.200000000004,263
C95,Mumbai,55+,M,Marketplace,2025-01-14,8,19703,2026-05-19,0,5,13,2540.2,6.0,0,0.0,33022.6,40
C96,Bangalore,55+,M,Marketplace,2025-02-03,5,9229,2025-08-13,0,5,11,2697.8,6.0,1,0.2,29675.800000000003,319
C97,Mumbai,55+,M,App,2024-10-12,19,17990,2025-11-04,0,5,15,938.6,6.0,0,0.0,14079.0,236
C98,Pune,18-24,M,Website,2026-01-22,10,7710,2025-09-25,0,5,13,1847.8,9.0,0,0.0,24021.399999999998,276
C99,Delhi,55+,F,Offline,2026-01-17,1,15233,2025-11-10,1,5,20,2294.4,4.0,2,0.4,45888.0,230
C100,Bangalore,35-44,F,App,2024-08-26,19,5153,2025-08-08,0,5,19,2188.4,5.0,1,0.2,41579.6,324
C101,Delhi,55+,M,Website,2026-02-06,19,10568,2025-12-27,0,5,15,2627.4,6.0,1,0.2,39411.0,183
C102,Delhi,45-54,F,Marketplace,2026-03-17,8,20359,2025-10-12,0,5,17,3465.8,3.0,0,0.0,58918.600000000006,259
C103,Chennai,35-44,F,Offline,2026-05-20,15,19141,2026-04-26,0,5,17,1845.8,7.0,0,0.0,31378.6,63
C104,Hyderabad,55+,F,Offline,2025-11-09,6,38307,2026-05-16,0,5,15,2209.6,6.0,0,0.0,33144.0,43
C105,Mumbai,55+,F,Marketplace,2024-12-28,18,5263,2025-12-22,0,5,20,2622.2,9.0,0,0.0,52444.0,188
C106,Pune,45-54,F,Marketplace,2025-09-02,14,48843,2026-03-14,0,5,10,2391.4,0.0,1,0.2,23914.0,106
C107,Hyderabad,55+,M,Website,2025-04-17,13,37631,2025-09-19,0,5,11,3011.2,4.0,1,0.2,33123.2,282
C108,Mumbai,35-44,M,Marketplace,2026-05-30,20,28960,2025-07-11,0,5,11,2502.0,7.0,0,0.0,27522.0,352
C109,Hyderabad,25-34,M,Website,2025-08-24,17,35130,2025-09-18,0,5,13,2276.8,5.0,0,0.0,29598.4,283
C110,Bangalore,45-54,F,Offline,2026-05-04,3,47650,2025-09-09,0,5,13,2748.4,4.0,0,0.0,35729.200000000004,292
C111,Pune,18-24,M,Marketplace,2025-02-15,3,42575,2026-06-25,0,5,16,2961.4,4.0,0,0.0,47382.4,3
C112,Hyderabad,55+,M,Offline,2025-02-09,2,29370,2025-09-06,0,5,10,2092.2,1.0,0,0.0,20922.0,295
C113,Hyderabad,45-54,M,Offline,2024-09-17,19,27915,2025-08-24,0,5,18,2991.0,4.0,1,0.2,53838.0,308
C114,Bangalore,25-34,F,App,2025-12-28,20,41949,2025-10-14,0,5,13,2243.8,9.0,0,0.0,29169.4,257
C115,Bangalore,55+,F,Website,2025-01-16,17,3538,2026-02-16,0,5,16,2591.2,6.0,0,0.0,41459.2,132
C116,Pune,25-34,F,Website,2025-06-12,17,22192,2026-03-03,0,5,18,1921.0,4.0,0,0.0,34578.0,117
C117,Chennai,45-54,M,Offline,2024-11-29,5,17376,2025-07-12,0,5,17,3178.8,6.0,0,0.0,54039.600000000006,351
C118,Hyderabad,35-44,M,App,2025-02-17,18,43454,2026-07-01,0,5,18,2185.4,4.0,0,0.0,39337.200000000004,-3
C119,Delhi,18-24,F,Offline,2025-08-31,11,33469,2025-08-11,0,5,19,2344.0,8.0,0,0.0,44536.0,321
C120,Mumbai,18-24,M,Marketplace,2025-12-11,8,35512,2026-06-02,0,5,15,3093.6,3.0,0,0.0,46404.0,26
C121,Pune,45-54,M,App,2024-07-30,20,46108,2025-07-28,0,5,11,2850.4,9.0,1,0.2,31354.4,335
C122,Hyderabad,55+,F,App,2025-06-23,17,23201,2026-02-24,0,5,14,3529.4,6.0,1,0.2,49411.6,124
C123,Pune,45-54,M,Website,2024-07-14,20,48091,2025-07-21,0,5,15,2402.6,2.0,2,0.4,36039.0,342
C124,Pune,55+,M,App,2024-11-28,14,44665,2025-07-29,0,5,18,2741.8,3.0,0,0.0,49352.4,334
C125,Mumbai,55+,M,App,2025-12-04,18,32732,2026-01-27,0,5,17,3974.2,7.0,1,0.2,67561.4,152
C126,Mumbai,25-34,M,Offline,2025-09-15,11,35888,2025-09-21,0,5,11,3560.4,4.0,0,0.0,39164.4,280
C127,Mumbai,18-24,F,App,2026-04-12,3,9557,2026-02-17,0,5,7,3244.6,10.0,0,0.0,22712.2,131
C128,Mumbai,45-54,M,Website,2026-03-30,20,7834,2026-02-16,0,5,11,3388.2,3.0,1,0.2,37270.2,132
C129,Bangalore,45-54,F,Website,2025-05-21,10,20872,2026-03-11,0,5,15,2592.6,6.0,1,0.2,38889.0,109
C130,Pune,25-34,F,Offline,2025-10-19,18,18947,2026-04-11,0,5,18,3403.6,8.0,1,0.2,61264.799999999996,78
C131,Mumbai,35-44,M,App,2024-12-20,8,8706,2025-12-04,0,5,13,3382.6,0.0,1,0.2,43973.799999999996,206
C132,Delhi,55+,F,Website,2025-01-02,5,20911,2026-05-16,0,5,22,1898.0,4.0,1,0.2,41756.0,43
C133,Pune,18-24,F,Website,2025-12-04,19,4285,2025-10-13,0,5,16,2425.4,9.0,0,0.0,38806.4,258
C134,Chennai,35-44,M,Website,2025-03-30,16,22761,2026-01-17,0,5,13,2325.4,2.0,1,0.2,30230.2,162
C135,Bangalore,35-44,M,Website,2025-12-30,13,25142,2025-08-22,0,5,18,2444.6,5.0,0,0.0,44002.799999999996,310
C136,Chennai,25-34,F,Marketplace,2026-05-16,4,40281,2025-09-30,0,5,8,3090.2,0.0,0,0.0,24721.6,271
C137,Delhi,45-54,F,Marketplace,2026-02-24,13,16464,2026-04-18,0,5,16,3680.2,9.0,0,0.0,58883.2,71
C138,Pune,45-54,M,Offline,2024-07-24,9,4056,2026-03-01,0,5,11,2969.2,3.0,0,0.0,32661.199999999997,119
C139,Hyderabad,25-34,F,Offline,2025-09-21,19,14278,2026-06-27,0,5,16,3369.8,6.0,0,0.0,53916.8,1
C140,Mumbai,55+,M,Marketplace,2025-02-28,14,29222,2026-04-29,0,5,18,1303.2,7.0,0,0.0,23457.600000000002,60
C141,Chennai,55+,F,App,2025-12-08,12,35950,2025-10-26,0,5,12,3638.2,9.0,1,0.2,43658.399999999994,245
C142,Hyderabad,35-44,F,App,2024-08-14,12,15357,2025-11-01,0,5,15,3172.0,1.0,0,0.0,47580.0,239
C143,Mumbai,25-34,M,Marketplace,2025-02-18,14,3898,2025-11-19,0,5,17,2460.8,3.0,0,0.0,41833.600000000006,221
C144,Bangalore,55+,F,Offline,2025-07-04,11,42058,2025-07-25,0,5,17,2490.0,7.0,0,0.0,42330.0,338
C145,Pune,35-44,F,App,2024-11-22,1,49526,2026-04-06,1,5,14,2466.8,7.0,0,0.0,34535.200000000004,83
C146,Hyderabad,25-34,F,Website,2025-01-03,11,8217,2025-07-20,0,5,15,2616.4,8.0,0,0.0,39246.0,343
C147,Pune,35-44,M,Website,2026-05-16,7,10878,2026-06-06,0,5,17,2520.8,6.0,0,0.0,42853.600000000006,22
C148,Pune,35-44,M,Offline,2025-05-18,13,42915,2026-04-09,0,5,21,3945.6,6.0,0,0.0,82857.59999999999,80
C149,Mumbai,25-34,F,Offline,2025-04-23,19,32558,2026-01-08,0,5,18,2964.4,3.0,0,0.0,53359.200000000004,171
C150,Hyderabad,35-44,F,Website,2026-03-13,20,11730,2025-10-23,0,5,14,3536.8,4.0,1,0.2,49515.200000000004,248
C151,Mumbai,25-34,F,Offline,2024-09-28,16,48320,2026-04-22,0,5,11,2507.2,3.0,2,0.4,27579.199999999997,67
C152,Pune,55+,M,App,2025-05-11,7,35262,2026-06-23,0,5,20,2771.2,7.0,1,0.2,55424.0,5
C153,Pune,45-54,M,Offline,2026-04-20,8,20887,2026-01-25,0,5,15,2686.4,10.0,0,0.0,40296.0,154
C154,Delhi,45-54,M,Offline,2024-10-17,15,11585,2025-11-30,0,5,20,2018.0,8.0,0,0.0,40360.0,210
C155,Pune,18-24,F,App,2026-05-09,18,42455,2025-12-11,0,5,15,2432.4,0.0,1,0.2,36486.0,199
C156,Delhi,45-54,M,Marketplace,2024-10-17,2,20889,2026-06-08,0,5,18,3077.8,4.0,2,0.4,55400.4,20
C157,Mumbai,18-24,F,App,2026-05-28,13,42847,2025-09-19,0,5,16,3402.6,5.0,0,0.0,54441.6,282
C158,Bangalore,25-34,F,Offline,2025-10-31,10,37918,2025-11-23,0,5,13,4698.2,3.0,1,0.2,61076.6,217
C159,Delhi,18-24,M,Website,2025-04-13,20,24398,2025-10-16,0,5,14,2089.0,4.0,1,0.2,29246.0,255
C160,Bangalore,18-24,M,Marketplace,2025-02-08,3,47547,2025-12-27,0,5,23,2922.6,9.0,0,0.0,67219.8,183
C161,Delhi,18-24,F,Offline,2025-04-01,16,42087,2026-06-17,0,5,18,2878.8,2.0,0,0.0,51818.4,11
C162,Mumbai,55+,M,App,2025-04-10,15,47463,2026-06-13,0,5,17,2993.6,5.0,1,0.2,50891.2,15
C163,Mumbai,18-24,M,Offline,2025-07-02,10,5008,2026-04-11,0,5,12,3268.0,5.0,0,0.0,39216.0,78
C164,Mumbai,55+,F,Website,2025-06-22,3,15740,2025-10-27,0,5,13,2727.2,6.0,0,0.0,35453.6,244
C165,Pune,45-54,M,Website,2025-09-08,18,13955,2026-04-03,0,5,16,2516.0,10.0,0,0.0,40256.0,86
C166,Pune,35-44,M,Website,2025-06-15,11,40423,2026-06-23,0,5,13,3446.2,3.0,0,0.0,44800.6,5
C167,Hyderabad,55+,M,Offline,2025-03-04,5,14669,2026-01-15,0,5,22,3067.0,3.0,0,0.0,67474.0,164
C168,Pune,55+,F,Marketplace,2025-04-05,18,7129,2026-07-01,0,5,13,3803.4,0.0,0,0.0,49444.200000000004,-3
C169,Pune,45-54,M,Website,2025-11-10,13,37718,2025-07-08,0,5,15,2259.0,6.0,2,0.4,33885.0,355
C170,Delhi,55+,M,Marketplace,2025-12-26,8,21951,2026-06-01,0,5,18,3301.2,3.0,0,0.0,59421.6,27
C171,Chennai,25-34,F,Offline,2024-12-10,3,43199,2026-06-16,0,5,18,1903.6,6.0,0,0.0,34264.799999999996,12
C172,Delhi,18-24,F,Website,2024-09-12,20,5960,2026-03-19,0,5,19,3610.0,7.0,0,0.0,68590.0,101
C173,Chennai,45-54,F,Offline,2024-08-30,14,2339,2025-11-16,0,5,20,2647.4,8.0,1,0.2,52948.0,224
C174,Delhi,35-44,F,App,2025-11-21,8,7900,2025-11-15,0,5,12,1754.0,4.0,0,0.0,21048.0,225
C175,Mumbai,45-54,F,App,2024-11-16,10,13671,2025-09-25,0,5,18,2795.8,6.0,0,0.0,50324.4,276
C176,Pune,18-24,F,Marketplace,2025-04-29,15,36959,2025-07-10,0,5,19,2995.0,4.0,0,0.0,56905.0,353
C177,Bangalore,25-34,M,Website,2025-09-01,18,47329,2026-03-15,0,5,18,2955.0,4.0,1,0.2,53190.0,105
C178,Delhi,25-34,M,Website,2025-01-25,6,40663,2025-07-20,0,5,16,2737.8,9.0,0,0.0,43804.8,343
C179,Mumbai,18-24,F,Offline,2026-04-18,15,27569,2026-04-23,0,5,19,2864.0,4.0,0,0.0,54416.0,66
C180,Chennai,45-54,F,Offline,2024-09-08,2,12501,2026-01-30,0,5,14,3040.6,5.0,1,0.2,42568.4,149
C181,Delhi,55+,M,Website,2026-05-20,17,25484,2026-02-19,0,5,13,1985.8,5.0,0,0.0,25815.399999999998,129
C182,Delhi,45-54,F,App,2025-05-02,14,27596,2026-05-01,0,5,14,2605.8,4.0,0,0.0,36481.200000000004,58
C183,Bangalore,35-44,M,Offline,2025-11-04,16,18226,2026-03-18,0,5,13,1430.0,6.0,1,0.2,18590.0,102
C184,Bangalore,25-34,M,App,2025-10-21,5,49920,2025-11-27,0,5,18,4027.0,5.0,0,0.0,72486.0,213
C185,Chennai,25-34,F,Website,2026-04-04,15,9625,2025-10-17,0,5,15,2330.8,2.0,0,0.0,34962.0,254
C186,Hyderabad,55+,M,Offline,2024-12-10,17,34470,2026-06-03,0,5,18,2728.0,5.0,0,0.0,49104.0,25
C187,Hyderabad,45-54,M,Website,2025-02-28,17,22346,2025-10-03,0,5,12,3601.0,4.0,0,0.0,43212.0,268
C188,Chennai,35-44,F,Offline,2026-03-16,11,13341,2026-05-07,0,5,21,3276.0,7.0,1,0.2,68796.0,52
C189,Delhi,55+,M,Offline,2025-10-17,4,18839,2025-11-23,0,5,14,2916.8,5.0,1,0.2,40835.200000000004,217
C190,Bangalore,25-34,M,App,2025-08-23,1,3775,2025-09-22,1,5,15,1527.6,7.0,0,0.0,22914.0,279
C191,Hyderabad,45-54,F,Marketplace,2025-02-19,17,1535,2025-07-24,0,5,18,1413.8,4.0,1,0.2,25448.399999999998,339
C192,Hyderabad,45-54,F,Website,2024-10-22,12,16681,2026-02-17,0,5,16,2651.0,6.0,0,0.0,42416.0,131
C193,Mumbai,18-24,F,Marketplace,2024-12-11,12,9229,2026-04-19,0,5,18,3138.4,5.0,0,0.0,56491.200000000004,70
C194,Hyderabad,45-54,F,App,2025-11-19,13,40743,2025-08-17,0,5,19,2069.2,8.0,2,0.4,39314.799999999996,315
C195,Bangalore,25-34,M,Website,2025-09-28,9,26103,2026-03-21,0,5,14,2714.6,7.0,0,0.0,38004.4,99
C196,Delhi,55+,F,App,2025-05-25,16,41188,2026-07-07,0,5,13,2582.8,6.0,0,0.0,33576.4,-9
C197,Hyderabad,18-24,M,Website,2026-01-29,5,17607,2026-06-08,0,5,14,2963.8,5.0,0,0.0,41493.200000000004,20
C198,Delhi,35-44,F,Website,2024-08-09,18,7550,2025-12-26,0,5,19,1969.8,6.0,0,0.0,37426.2,184
C199,Mumbai,45-54,M,App,2026-01-03,20,32471,2026-03-06,0,5,13,3652.0,6.0,1,0.2,47476.0,114
C200,Mumbai,55+,M,Website,2025-09-25,17,45177,2025-07-12,0,5,15,2554.6,10.0,0,0.0,38319.0,351
