Feature,Coefficient,Absolute_Importance
numeric__Total_Orders,-2.7442108252589565,2.7442108252589565
categorical__City_Pune,1.5618417302801018,1.5618417302801018
numeric__Average_Unit_Price,-1.0088406394302976,1.0088406394302976
categorical__City_Hyderabad,-0.8821226824600471,0.8821226824600471
categorical__Acquisition_Channel_Website,-0.8432528586835447,0.8432528586835447
categorical__City_Chennai,-0.7684610871642304,0.7684610871642304
categorical__Age_Band_35-44,0.7374518057149166,0.7374518057149166
numeric__Total_Units,0.6898016903321671,0.6898016903321671
numeric__Days_Since_Last_Purchase,0.5784203286291735,0.5784203286291735
categorical__Acquisition_Channel_App,0.5504420389920831,0.5504420389920831
numeric__Return_Rate,0.4697935394419079,0.4697935394419079
categorical__Gender_F,0.42010015608062634,0.42010015608062634
categorical__Gender_M,-0.41948420793957064,0.41948420793957064
numeric__Average_Transaction_Value,-0.36484441734529255,0.36484441734529255
categorical__Age_Band_18-24,-0.3603439586650766,0.3603439586650766
categorical__Age_Band_45-54,-0.35810155159745577,0.35810155159745577
numeric__Average_Discount,0.30915458759408876,0.30915458759408876
categorical__City_Mumbai,-0.27983882502420837,0.27983882502420837
categorical__City_Bangalore,0.22333410915642174,0.22333410915642174
categorical__Acquisition_Channel_Marketplace,0.21039951285923653,0.21039951285923653
categorical__Age_Band_55+,-0.18827841774932508,0.18827841774932508
categorical__Age_Band_25-34,0.16988807043799645,0.16988807043799645
categorical__City_Delhi,0.14586270335301818,0.14586270335301818
categorical__Acquisition_Channel_Offline,0.08302725497328077,0.08302725497328077
numeric__Total_Revenue,0.006589921968721763,0.006589921968721763
numeric__Transaction_Count,0.0,0.0
