Customer_ID,Total_Transactions,Total_Units,Total_Net_Revenue,Average_Transaction_Value,Average_Discount,Return_Rate,Unique_Products,Unique_Categories,Unique_Channels,Customer_City,Age_Band,Gender,Acquisition_Channel,Total_Orders,Total_Revenue,Churned,Revenue_Segment,Frequency_Segment
C1,5,14,27005.8,5401.16,6.0,20.0,1,1,4,Delhi,18-24,F,Marketplace,19,33219,0,Low Revenue,Low Frequency
C10,5,16,41664.8,8332.96,1.0,0.0,1,1,2,Chennai,45-54,F,App,3,35834,0,Medium Revenue,Low Frequency
C100,5,19,29612.45,5922.49,5.0,20.0,1,1,3,Bangalore,35-44,F,App,19,5153,0,Low Revenue,Low Frequency
C101,5,15,29879.35,5975.87,6.0,20.0,1,1,2,Delhi,55+,M,Website,19,10568,0,Low Revenue,Low Frequency
C102,5,17,52209.8,10441.96,3.0,0.0,1,1,3,Delhi,45-54,F,Marketplace,8,20359,0,High Revenue,Low Frequency
C103,5,17,26330.5,5266.1,7.0,0.0,1,1,4,Chennai,35-44,F,Offline,15,19141,0,Low Revenue,Low Frequency
C104,5,15,28470.8,5694.16,6.0,0.0,1,1,3,Hyderabad,55+,F,Offline,6,38307,0,Low Revenue,Low Frequency
C105,5,20,48623.85,9724.77,9.0,0.0,1,1,3,Mumbai,55+,F,Marketplace,18,5263,0,High Revenue,Low Frequency
C106,5,10,18545.0,3709.0,0.0,20.0,1,1,4,Pune,45-54,F,Marketplace,14,48843,0,Low Revenue,Low Frequency
C107,5,11,35579.8,7115.96,4.0,20.0,1,1,4,Hyderabad,55+,M,Website,13,37631,0,Medium Revenue,Low Frequency
C108,5,11,32525.9,6505.18,7.0,0.0,1,1,4,Mumbai,35-44,M,Marketplace,20,28960,0,Low Revenue,Low Frequency
C109,5,13,26009.4,5201.88,5.0,0.0,1,1,3,Hyderabad,25-34,M,Website,17,35130,0,Low Revenue,Low Frequency
C11,5,13,35977.1,7195.42,6.0,20.0,1,1,3,Hyderabad,35-44,F,Offline,16,48219,0,Medium Revenue,Low Frequency
C110,5,13,31814.3,6362.86,4.0,0.0,1,1,3,Bangalore,45-54,F,Offline,3,47650,0,Low Revenue,Low Frequency
C111,5,16,50434.65,10086.93,4.0,0.0,1,1,3,Pune,18-24,M,Marketplace,3,42575,0,High Revenue,Low Frequency
C112,5,10,20452.1,4090.42,1.0,0.0,1,1,4,Hyderabad,55+,M,Offline,2,29370,0,Low Revenue,Low Frequency
C113,5,18,49331.3,9866.26,4.0,20.0,1,1,4,Hyderabad,45-54,M,Offline,19,27915,0,High Revenue,Low Frequency
C114,5,13,25846.0,5169.2,9.0,0.0,1,1,3,Bangalore,25-34,F,App,20,41949,0,Low Revenue,Low Frequency
C115,5,16,45412.65,9082.53,6.0,0.0,1,1,4,Bangalore,55+,F,Website,17,3538,0,High Revenue,Low Frequency
C116,5,18,32203.75,6440.75,4.0,0.0,1,1,3,Pune,25-34,F,Website,17,22192,0,Low Revenue,Low Frequency
C117,5,17,45278.5,9055.7,6.0,0.0,1,1,2,Chennai,45-54,M,Offline,5,17376,0,High Revenue,Low Frequency
C118,5,18,36674.25,7334.85,4.0,0.0,1,1,4,Hyderabad,35-44,M,App,18,43454,0,Medium Revenue,Low Frequency
C119,5,19,40122.45,8024.49,8.0,0.0,1,1,4,Delhi,18-24,F,Offline,11,33469,0,Medium Revenue,Low Frequency
C12,5,13,42824.0,8564.8,3.0,0.0,1,1,2,Mumbai,25-34,M,App,11,31189,0,Medium Revenue,Low Frequency
C120,5,15,43047.2,8609.44,3.0,0.0,1,1,3,Mumbai,18-24,M,Marketplace,8,35512,0,Medium Revenue,Low Frequency
C121,5,11,24548.95,4909.79,9.0,20.0,1,1,3,Pune,45-54,M,App,20,46108,0,Low Revenue,Low Frequency
C122,5,14,45960.8,9192.16,6.0,20.0,1,1,4,Hyderabad,55+,F,App,17,23201,0,High Revenue,Low Frequency
C123,5,15,31180.4,6236.08,2.0,40.0,1,1,3,Pune,45-54,M,Website,20,48091,0,Low Revenue,Low Frequency
C124,5,18,51827.6,10365.52,3.0,0.0,1,1,4,Pune,55+,M,App,14,44665,0,High Revenue,Low Frequency
C125,5,17,66009.15,13201.83,7.0,20.0,1,1,3,Mumbai,55+,M,App,18,32732,0,High Revenue,Low Frequency
C126,5,11,38103.8,7620.76,4.0,0.0,1,1,3,Mumbai,25-34,M,Offline,11,35888,0,Medium Revenue,Low Frequency
C127,5,7,20931.8,4186.36,10.0,0.0,1,1,3,Mumbai,18-24,F,App,3,9557,0,Low Revenue,Low Frequency
C128,5,11,28630.6,5726.12,3.0,20.0,1,1,4,Mumbai,45-54,M,Website,20,7834,0,Low Revenue,Low Frequency
C129,5,15,37799.5,7559.9,6.0,20.0,1,1,2,Bangalore,45-54,F,Website,10,20872,0,Medium Revenue,Low Frequency
C13,5,19,63834.6,12766.92,3.0,20.0,1,1,3,Chennai,18-24,M,App,4,7985,0,High Revenue,Low Frequency
C130,5,18,57685.25,11537.05,8.0,20.0,1,1,4,Pune,25-34,F,Offline,18,18947,0,High Revenue,Low Frequency
C131,5,13,39033.0,7806.6,0.0,20.0,1,1,4,Mumbai,35-44,M,App,8,8706,0,Medium Revenue,Low Frequency
C132,5,22,42221.5,8444.3,4.0,20.0,1,1,2,Delhi,55+,F,Website,5,20911,0,Medium Revenue,Low Frequency
C133,5,16,33545.15,6709.03,9.0,0.0,1,1,3,Pune,18-24,F,Website,19,4285,0,Low Revenue,Low Frequency
C134,5,13,34851.9,6970.38,2.0,20.0,1,1,2,Chennai,35-44,M,Website,16,22761,0,Medium Revenue,Low Frequency
C135,5,18,38595.85,7719.17,5.0,0.0,1,1,4,Bangalore,35-44,M,Website,13,25142,0,Medium Revenue,Low Frequency
C136,5,8,21055.0,4211.0,0.0,0.0,1,1,4,Chennai,25-34,F,Marketplace,4,40281,0,Low Revenue,Low Frequency
C137,5,16,54048.45,10809.69,9.0,0.0,1,1,3,Delhi,45-54,F,Marketplace,13,16464,0,High Revenue,Low Frequency
C138,5,11,33379.65,6675.93,3.0,0.0,1,1,2,Pune,45-54,M,Offline,9,4056,0,Low Revenue,Low Frequency
C139,5,16,48254.25,9650.85,6.0,0.0,1,1,2,Hyderabad,25-34,F,Offline,19,14278,0,High Revenue,Low Frequency
C14,5,16,54166.8,10833.36,9.0,40.0,1,1,3,Chennai,18-24,F,Marketplace,17,22041,0,High Revenue,Low Frequency
C140,5,18,20214.5,4042.9,7.0,0.0,1,1,3,Mumbai,55+,M,Marketplace,14,29222,0,Low Revenue,Low Frequency
C141,5,12,39164.5,7832.9,9.0,20.0,1,1,2,Chennai,55+,F,App,12,35950,0,Medium Revenue,Low Frequency
C142,5,15,48551.8,9710.36,1.0,0.0,1,1,2,Hyderabad,35-44,F,App,12,15357,0,High Revenue,Low Frequency
C143,5,17,39675.95,7935.19,3.0,0.0,1,1,4,Mumbai,25-34,M,Marketplace,14,3898,0,Medium Revenue,Low Frequency
C144,5,17,44063.55,8812.71,7.0,0.0,1,1,3,Bangalore,55+,F,Offline,11,42058,0,Medium Revenue,Low Frequency
C145,5,14,36616.65,7323.33,7.0,0.0,1,1,3,Pune,35-44,F,App,1,49526,1,Medium Revenue,Low Frequency
C146,5,15,26642.95,5328.59,8.0,0.0,1,1,3,Hyderabad,25-34,F,Website,11,8217,0,Low Revenue,Low Frequency
C147,5,17,41227.55,8245.51,6.0,0.0,1,1,4,Pune,35-44,M,Website,7,10878,0,Medium Revenue,Low Frequency
C148,5,21,75533.95,15106.79,6.0,0.0,1,1,3,Pune,35-44,M,Offline,13,42915,0,High Revenue,Low Frequency
C149,5,18,54439.0,10887.8,3.0,0.0,1,1,3,Mumbai,25-34,F,Offline,19,32558,0,High Revenue,Low Frequency
C15,5,15,41573.6,8314.72,9.0,0.0,1,1,3,Pune,45-54,F,App,7,31378,0,Medium Revenue,Low Frequency
C150,5,14,42734.0,8546.8,4.0,20.0,1,1,3,Hyderabad,35-44,F,Website,20,11730,0,Medium Revenue,Low Frequency
C151,5,11,39025.9,7805.18,3.0,40.0,1,1,3,Mumbai,25-34,F,Offline,16,48320,0,Medium Revenue,Low Frequency
C152,5,20,50376.9,10075.38,7.0,20.0,1,1,2,Pune,55+,M,App,7,35262,0,High Revenue,Low Frequency
C153,5,15,37238.4,7447.68,10.0,0.0,1,1,2,Pune,45-54,M,Offline,8,20887,0,Medium Revenue,Low Frequency
C154,5,20,36338.0,7267.6,8.0,0.0,1,1,3,Delhi,45-54,M,Offline,15,11585,0,Medium Revenue,Low Frequency
C155,5,15,33298.0,6659.6,0.0,20.0,1,1,3,Pune,18-24,F,App,18,42455,0,Low Revenue,Low Frequency
C156,5,18,53813.05,10762.61,4.0,40.0,1,1,3,Delhi,45-54,M,Marketplace,2,20889,0,High Revenue,Low Frequency
C157,5,16,47660.2,9532.04,5.0,0.0,1,1,3,Mumbai,18-24,F,App,13,42847,0,High Revenue,Low Frequency
C158,5,13,59767.35,11953.47,3.0,20.0,1,1,3,Bangalore,25-34,F,Offline,10,37918,0,High Revenue,Low Frequency
C159,5,14,35263.15,7052.63,4.0,20.0,1,1,3,Delhi,18-24,M,Website,20,24398,0,Medium Revenue,Low Frequency
C16,5,18,42624.4,8524.88,3.0,20.0,1,1,3,Pune,45-54,F,Marketplace,1,30102,1,Medium Revenue,Low Frequency
C160,5,23,62895.95,12579.19,9.0,0.0,1,1,2,Bangalore,18-24,M,Marketplace,3,47547,0,High Revenue,Low Frequency
C161,5,18,51751.65,10350.33,2.0,0.0,1,1,3,Delhi,18-24,F,Offline,16,42087,0,High Revenue,Low Frequency
C162,5,17,47438.85,9487.77,5.0,20.0,1,1,2,Mumbai,55+,M,App,15,47463,0,High Revenue,Low Frequency
C163,5,12,40837.9,8167.58,5.0,0.0,1,1,2,Mumbai,18-24,M,Offline,10,5008,0,Medium Revenue,Low Frequency
C164,5,13,38670.95,7734.19,6.0,0.0,1,1,2,Mumbai,55+,F,Website,3,15740,0,Medium Revenue,Low Frequency
C165,5,16,32311.9,6462.38,10.0,0.0,1,1,3,Pune,45-54,M,Website,18,13955,0,Low Revenue,Low Frequency
C166,5,13,44871.2,8974.24,3.0,0.0,1,1,3,Pune,35-44,M,Website,11,40423,0,High Revenue,Low Frequency
C167,5,22,68139.2,13627.84,3.0,0.0,1,1,3,Hyderabad,55+,M,Offline,5,14669,0,High Revenue,Low Frequency
C168,5,13,48921.0,9784.2,0.0,0.0,1,1,3,Pune,55+,F,Marketplace,18,7129,0,High Revenue,Low Frequency
C169,5,15,33274.8,6654.96,6.0,40.0,1,1,4,Pune,45-54,M,Website,13,37718,0,Low Revenue,Low Frequency
C17,5,13,36371.6,7274.32,3.0,0.0,1,1,3,Delhi,35-44,F,Website,7,12781,0,Medium Revenue,Low Frequency
C170,5,18,56758.8,11351.76,3.0,0.0,1,1,3,Delhi,55+,M,Marketplace,8,21951,0,High Revenue,Low Frequency
C171,5,18,35877.05,7175.41,6.0,0.0,1,1,3,Chennai,25-34,F,Offline,3,43199,0,Medium Revenue,Low Frequency
C172,5,19,60868.5,12173.7,7.0,0.0,1,1,4,Delhi,18-24,F,Website,20,5960,0,High Revenue,Low Frequency
C173,5,20,48307.2,9661.44,8.0,20.0,1,1,3,Chennai,45-54,F,Offline,14,2339,0,High Revenue,Low Frequency
C174,5,12,20504.0,4100.8,4.0,0.0,1,1,3,Delhi,35-44,F,App,8,7900,0,Low Revenue,Low Frequency
C175,5,18,42602.05,8520.41,6.0,0.0,1,1,4,Mumbai,45-54,F,App,10,13671,0,Medium Revenue,Low Frequency
C176,5,19,59473.85,11894.77,4.0,0.0,1,1,3,Pune,18-24,F,Marketplace,15,36959,0,High Revenue,Low Frequency
C177,5,18,48439.4,9687.88,4.0,20.0,1,1,3,Bangalore,25-34,M,Website,18,47329,0,High Revenue,Low Frequency
C178,5,16,39690.4,7938.08,9.0,0.0,1,1,3,Delhi,25-34,M,Website,6,40663,0,Medium Revenue,Low Frequency
C179,5,19,51063.1,10212.62,4.0,0.0,1,1,3,Mumbai,18-24,F,Offline,15,27569,0,High Revenue,Low Frequency
C18,5,18,52069.0,10413.8,1.0,0.0,1,1,3,Mumbai,55+,F,App,14,30669,0,High Revenue,Low Frequency
C180,5,14,42567.8,8513.56,5.0,20.0,1,1,2,Chennai,45-54,F,Offline,2,12501,0,Medium Revenue,Low Frequency
C181,5,13,23452.4,4690.48,5.0,0.0,1,1,3,Delhi,55+,M,Website,17,25484,0,Low Revenue,Low Frequency
C182,5,14,28876.5,5775.3,4.0,0.0,1,1,3,Delhi,45-54,F,App,14,27596,0,Low Revenue,Low Frequency
C183,5,13,18721.2,3744.24,6.0,20.0,1,1,4,Bangalore,35-44,M,Offline,16,18226,0,Low Revenue,Low Frequency
C184,5,18,69311.7,13862.34,5.0,0.0,1,1,3,Bangalore,25-34,M,App,5,49920,0,High Revenue,Low Frequency
C185,5,15,34097.9,6819.58,2.0,0.0,1,1,3,Chennai,25-34,F,Website,15,9625,0,Medium Revenue,Low Frequency
C186,5,18,42167.9,8433.58,5.0,0.0,1,1,2,Hyderabad,55+,M,Offline,17,34470,0,Medium Revenue,Low Frequency
C187,5,12,40483.75,8096.75,4.0,0.0,1,1,3,Hyderabad,45-54,M,Website,17,22346,0,Medium Revenue,Low Frequency
C188,5,21,64908.75,12981.75,7.0,20.0,1,1,3,Chennai,35-44,F,Offline,11,13341,0,High Revenue,Low Frequency
C189,5,14,43155.7,8631.14,5.0,20.0,1,1,4,Delhi,55+,M,Offline,4,18839,0,Medium Revenue,Low Frequency
C19,5,16,45405.35,9081.07,4.0,40.0,1,1,3,Hyderabad,45-54,M,Website,15,45028,0,High Revenue,Low Frequency
C190,5,15,27420.9,5484.18,7.0,0.0,1,1,4,Bangalore,25-34,M,App,1,3775,1,Low Revenue,Low Frequency
C191,5,18,23467.4,4693.48,4.0,20.0,1,1,4,Hyderabad,45-54,F,Marketplace,17,1535,0,Low Revenue,Low Frequency
C192,5,16,37483.55,7496.71,6.0,0.0,1,1,3,Hyderabad,45-54,F,Website,12,16681,0,Medium Revenue,Low Frequency
C193,5,18,55406.8,11081.36,5.0,0.0,1,1,3,Mumbai,18-24,F,Marketplace,12,9229,0,High Revenue,Low Frequency
C194,5,19,37241.25,7448.25,8.0,40.0,1,1,3,Hyderabad,45-54,F,App,13,40743,0,Medium Revenue,Low Frequency
C195,5,14,40126.6,8025.32,7.0,0.0,1,1,4,Bangalore,25-34,M,Website,9,26103,0,Medium Revenue,Low Frequency
C196,5,13,30773.4,6154.68,6.0,0.0,1,1,3,Delhi,55+,F,App,16,41188,0,Low Revenue,Low Frequency
C197,5,14,33031.55,6606.31,5.0,0.0,1,1,4,Hyderabad,18-24,M,Website,5,17607,0,Low Revenue,Low Frequency
C198,5,19,33674.15,6734.83,6.0,0.0,1,1,2,Delhi,35-44,F,Website,18,7550,0,Medium Revenue,Low Frequency
C199,5,13,44686.55,8937.31,6.0,20.0,1,1,4,Mumbai,45-54,M,App,20,32471,0,Medium Revenue,Low Frequency
C2,5,16,29408.2,5881.64,4.0,20.0,1,1,3,Mumbai,18-24,M,App,4,7139,0,Low Revenue,Low Frequency
C20,5,15,54766.5,10953.3,2.0,20.0,1,1,2,Bangalore,55+,F,Website,3,13847,0,High Revenue,Low Frequency
C200,5,15,33024.8,6604.96,10.0,0.0,1,1,3,Mumbai,55+,M,Website,17,45177,0,Low Revenue,Low Frequency
C21,5,13,32656.0,6531.2,0.0,0.0,1,1,3,Mumbai,45-54,F,App,16,36885,0,Low Revenue,Low Frequency
C22,5,14,44505.75,8901.15,7.0,20.0,1,1,2,Hyderabad,35-44,F,Website,14,12005,0,Medium Revenue,Low Frequency
C23,5,16,36282.1,7256.42,5.0,0.0,1,1,3,Chennai,35-44,F,App,12,19980,0,Medium Revenue,Low Frequency
C24,5,19,56820.5,11364.1,6.0,0.0,1,1,2,Pune,18-24,F,Website,13,24297,0,High Revenue,Low Frequency
C25,5,23,48977.85,9795.57,6.0,20.0,1,1,4,Pune,25-34,M,App,12,7769,0,High Revenue,Low Frequency
C26,5,13,35387.35,7077.47,8.0,20.0,1,1,3,Pune,55+,F,App,13,17111,0,Medium Revenue,Low Frequency
C27,5,8,12322.1,2464.42,12.0,0.0,1,1,3,Pune,18-24,F,Offline,14,40325,0,Low Revenue,Low Frequency
C28,5,15,27648.85,5529.77,10.0,0.0,1,1,3,Delhi,45-54,F,Offline,3,48993,0,Low Revenue,Low Frequency
C29,5,19,56337.1,11267.42,3.0,60.0,1,1,4,Delhi,25-34,F,Website,11,888,0,High Revenue,Low Frequency
C3,5,12,30645.4,6129.08,7.0,0.0,1,1,3,Hyderabad,18-24,F,Marketplace,3,10843,0,Low Revenue,Low Frequency
C30,5,17,45780.0,9156.0,5.0,20.0,1,1,3,Delhi,55+,M,Website,11,18096,0,High Revenue,Low Frequency
C31,5,14,26323.5,5264.7,12.0,0.0,1,1,4,Mumbai,45-54,F,Offline,19,8069,0,Low Revenue,Low Frequency
C32,5,12,30003.9,6000.78,1.0,0.0,1,1,2,Bangalore,25-34,F,Marketplace,16,12293,0,Low Revenue,Low Frequency
C33,5,13,28794.3,5758.86,4.0,40.0,1,1,3,Pune,18-24,F,Marketplace,7,5600,0,Low Revenue,Low Frequency
C34,5,16,48331.6,9666.32,6.0,0.0,1,1,3,Mumbai,55+,F,App,18,49538,0,High Revenue,Low Frequency
C35,5,20,67265.2,13453.04,8.0,0.0,1,1,3,Delhi,45-54,F,Website,2,42758,0,High Revenue,Low Frequency
C36,5,18,35478.0,7095.6,0.0,20.0,1,1,4,Hyderabad,45-54,F,Offline,2,27177,0,Medium Revenue,Low Frequency
C37,5,15,17456.1,3491.22,3.0,20.0,1,1,3,Chennai,45-54,F,App,5,6787,0,Low Revenue,Low Frequency
C38,5,15,47090.55,9418.11,11.0,20.0,1,1,4,Mumbai,18-24,M,Offline,9,3113,0,High Revenue,Low Frequency
C39,5,15,41814.05,8362.81,7.0,0.0,1,1,3,Delhi,25-34,F,App,18,31740,0,Medium Revenue,Low Frequency
C4,5,10,25473.1,5094.62,6.0,0.0,1,1,3,Pune,45-54,M,Marketplace,17,44332,0,Low Revenue,Low Frequency
C40,5,15,50763.0,10152.6,2.0,0.0,1,1,3,Bangalore,45-54,F,Offline,4,13150,0,High Revenue,Low Frequency
C41,5,13,28016.45,5603.29,5.0,20.0,1,1,3,Pune,45-54,M,Website,5,34432,0,Low Revenue,Low Frequency
C42,5,17,46199.25,9239.85,2.0,20.0,1,1,4,Hyderabad,25-34,F,Offline,12,43780,0,High Revenue,Low Frequency
C43,5,15,51955.9,10391.18,3.0,20.0,1,1,3,Hyderabad,18-24,M,Marketplace,14,49389,0,High Revenue,Low Frequency
C44,5,14,33336.35,6667.27,10.0,0.0,1,1,2,Chennai,55+,F,App,1,32271,0,Low Revenue,Low Frequency
C45,5,19,62006.85,12401.37,6.0,0.0,1,1,2,Chennai,35-44,F,Offline,3,14570,0,High Revenue,Low Frequency
C46,5,13,46868.2,9373.64,5.0,0.0,1,1,3,Pune,18-24,M,Marketplace,8,37125,0,High Revenue,Low Frequency
C47,5,23,65256.0,13051.2,3.0,20.0,1,1,4,Mumbai,45-54,M,Marketplace,7,19656,0,High Revenue,Low Frequency
C48,5,17,41205.2,8241.04,7.0,20.0,1,1,3,Mumbai,18-24,F,Website,13,41095,0,Medium Revenue,Low Frequency
C49,5,19,55558.7,11111.74,5.0,0.0,1,1,4,Chennai,18-24,M,Marketplace,6,33287,0,High Revenue,Low Frequency
C5,5,12,28752.2,5750.44,8.0,0.0,1,1,4,Pune,45-54,F,Offline,7,36395,0,Low Revenue,Low Frequency
C50,5,15,27525.15,5505.03,8.0,0.0,1,1,3,Pune,18-24,M,App,10,6621,0,Low Revenue,Low Frequency
C51,5,14,35614.75,7122.95,1.0,0.0,1,1,3,Bangalore,18-24,M,Offline,15,44027,0,Medium Revenue,Low Frequency
C52,5,8,21238.7,4247.74,4.0,20.0,1,1,3,Hyderabad,45-54,F,Offline,20,8043,0,Low Revenue,Low Frequency
C53,5,13,36594.5,7318.9,6.0,0.0,1,1,2,Bangalore,55+,F,Offline,1,20361,1,Medium Revenue,Low Frequency
C54,5,17,18028.85,3605.77,6.0,0.0,1,1,4,Chennai,35-44,M,Website,17,34194,0,Low Revenue,Low Frequency
C55,5,11,22906.8,4581.36,3.0,0.0,1,1,4,Bangalore,18-24,F,Website,20,38944,0,Low Revenue,Low Frequency
C56,5,19,56749.25,11349.85,5.0,0.0,1,1,3,Hyderabad,55+,M,Website,12,10093,0,High Revenue,Low Frequency
C57,5,10,20624.0,4124.8,3.0,20.0,1,1,3,Chennai,25-34,F,Website,13,1032,0,Low Revenue,Low Frequency
C58,5,11,28118.3,5623.66,3.0,0.0,1,1,3,Pune,35-44,M,App,5,36384,0,Low Revenue,Low Frequency
C59,5,17,39074.45,7814.89,1.0,20.0,1,1,4,Delhi,55+,M,Marketplace,8,13788,0,Medium Revenue,Low Frequency
C6,5,17,56416.15,11283.23,5.0,0.0,1,1,3,Delhi,35-44,M,Website,15,25969,0,High Revenue,Low Frequency
C60,5,16,30917.25,6183.45,3.0,20.0,1,1,4,Hyderabad,55+,F,Marketplace,17,18202,0,Low Revenue,Low Frequency
C61,5,14,56882.0,11376.4,3.0,0.0,1,1,4,Hyderabad,35-44,M,Marketplace,2,10659,0,High Revenue,Low Frequency
C62,5,12,28820.35,5764.07,5.0,0.0,1,1,3,Bangalore,55+,M,App,12,48224,0,Low Revenue,Low Frequency
C63,5,17,37609.25,7521.85,8.0,0.0,1,1,3,Delhi,25-34,M,Website,15,7624,0,Medium Revenue,Low Frequency
C64,5,16,33803.8,6760.76,9.0,0.0,1,1,4,Pune,25-34,M,Website,13,41258,0,Medium Revenue,Low Frequency
C65,5,13,44275.6,8855.12,2.0,0.0,1,1,4,Mumbai,45-54,F,App,7,38340,0,Medium Revenue,Low Frequency
C66,5,11,26401.65,5280.33,8.0,20.0,1,1,3,Chennai,45-54,F,App,19,44202,0,Low Revenue,Low Frequency
C67,5,18,42284.1,8456.82,5.0,20.0,1,1,3,Bangalore,55+,F,Website,2,1265,0,Medium Revenue,Low Frequency
C68,5,15,42689.55,8537.91,5.0,0.0,1,1,4,Chennai,18-24,F,Website,14,26312,0,Medium Revenue,Low Frequency
C69,5,11,43612.0,8722.4,7.0,20.0,1,1,3,Delhi,45-54,F,App,10,19454,0,Medium Revenue,Low Frequency
C7,5,19,57274.6,11454.92,6.0,20.0,1,1,4,Bangalore,45-54,F,Marketplace,13,39958,0,High Revenue,Low Frequency
C70,5,15,38995.5,7799.1,6.0,0.0,1,1,3,Delhi,25-34,M,Website,18,37057,0,Medium Revenue,Low Frequency
C71,5,12,25281.0,5056.2,4.0,20.0,1,1,3,Chennai,35-44,F,Offline,20,20314,0,Low Revenue,Low Frequency
C72,5,17,62140.4,12428.08,2.0,20.0,1,1,2,Hyderabad,35-44,F,Offline,13,27112,0,High Revenue,Low Frequency
C73,5,17,35374.75,7074.95,8.0,60.0,1,1,3,Delhi,35-44,M,Website,19,3312,0,Medium Revenue,Low Frequency
C74,5,19,49835.25,9967.05,2.0,20.0,1,1,4,Chennai,25-34,F,Offline,17,36684,0,High Revenue,Low Frequency
C75,5,16,48601.4,9720.28,2.0,20.0,1,1,3,Chennai,18-24,F,Offline,17,42909,0,High Revenue,Low Frequency
C76,5,20,50524.0,10104.8,0.0,0.0,1,1,2,Mumbai,18-24,F,Marketplace,14,16342,0,High Revenue,Low Frequency
C77,5,16,50584.8,10116.96,4.0,0.0,1,1,2,Mumbai,25-34,M,Marketplace,20,1220,0,High Revenue,Low Frequency
C78,5,22,41776.7,8355.34,9.0,0.0,1,1,3,Pune,45-54,F,Offline,1,32592,1,Medium Revenue,Low Frequency
C79,5,15,59932.8,11986.56,1.0,20.0,1,1,2,Delhi,18-24,F,Website,7,41480,0,High Revenue,Low Frequency
C8,5,20,36512.1,7302.42,5.0,20.0,1,1,4,Delhi,18-24,M,Website,15,17133,0,Medium Revenue,Low Frequency
C80,5,20,40525.7,8105.14,4.0,0.0,1,1,2,Chennai,55+,F,Marketplace,17,573,0,Medium Revenue,Low Frequency
C81,5,12,37222.85,7444.57,1.0,40.0,1,1,3,Mumbai,55+,M,App,13,10780,0,Medium Revenue,Low Frequency
C82,5,9,25917.85,5183.57,3.0,20.0,1,1,4,Mumbai,45-54,F,App,4,45545,0,Low Revenue,Low Frequency
C83,5,15,31424.4,6284.88,10.0,0.0,1,1,3,Pune,55+,F,App,12,11185,0,Low Revenue,Low Frequency
C84,5,17,34314.0,6862.8,9.0,20.0,1,1,3,Hyderabad,25-34,M,Marketplace,5,27263,0,Medium Revenue,Low Frequency
C85,5,16,32454.55,6490.91,1.0,0.0,1,1,3,Hyderabad,35-44,M,Marketplace,3,15527,0,Low Revenue,Low Frequency
C86,5,10,21875.2,4375.04,3.0,40.0,1,1,3,Pune,35-44,F,Offline,11,13497,0,Low Revenue,Low Frequency
C87,5,19,50750.05,10150.01,8.0,0.0,1,1,3,Hyderabad,45-54,F,Marketplace,8,17987,0,High Revenue,Low Frequency
C88,5,15,57045.5,11409.1,5.0,20.0,1,1,3,Bangalore,45-54,F,Marketplace,8,44740,0,High Revenue,Low Frequency
C89,5,16,45980.9,9196.18,3.0,0.0,1,1,4,Pune,55+,M,App,19,26368,0,High Revenue,Low Frequency
C9,5,14,33519.75,6703.95,1.0,0.0,1,1,3,Bangalore,55+,F,Website,16,16310,0,Low Revenue,Low Frequency
C90,5,23,44732.15,8946.43,6.0,20.0,1,1,3,Hyderabad,25-34,M,App,5,43344,0,Medium Revenue,Low Frequency
C91,5,14,22828.2,4565.64,4.0,0.0,1,1,3,Chennai,55+,F,Marketplace,3,13895,0,Low Revenue,Low Frequency
C92,5,18,44947.55,8989.51,6.0,40.0,1,1,4,Mumbai,45-54,M,App,3,31873,0,High Revenue,Low Frequency
C93,5,15,57132.55,11426.51,5.0,0.0,1,1,3,Bangalore,45-54,M,Website,8,979,0,High Revenue,Low Frequency
C94,5,18,32618.85,6523.77,8.0,20.0,1,1,4,Chennai,18-24,M,Marketplace,13,18911,0,Low Revenue,Low Frequency
C95,5,13,35744.65,7148.93,6.0,0.0,1,1,4,Mumbai,55+,M,Marketplace,8,19703,0,Medium Revenue,Low Frequency
C96,5,11,23017.1,4603.42,6.0,20.0,1,1,4,Bangalore,55+,M,Marketplace,5,9229,0,Low Revenue,Low Frequency
C97,5,15,12905.25,2581.05,6.0,0.0,1,1,4,Mumbai,55+,M,App,19,17990,0,Low Revenue,Low Frequency
C98,5,13,20380.0,4076.0,9.0,0.0,1,1,3,Pune,18-24,M,Website,10,7710,0,Low Revenue,Low Frequency
C99,5,20,42001.0,8400.2,4.0,40.0,1,1,3,Delhi,55+,F,Offline,1,15233,1,Medium Revenue,Low Frequency
