Transaction_ID,Date,Customer_ID,Product_ID,Category,Units,Unit_Price,Discount_Pct,Channel,City,Return_Flag
T1,2025-01-24,C2,P2,Sports,5,539,15,Marketplace,Pune,1
T2,2025-12-15,C3,P3,Grocery,1,4228,5,Marketplace,Delhi,0
T3,2025-10-11,C4,P4,Books,2,2061,15,Offline,Chennai,0
T4,2025-04-24,C5,P5,Electronics,3,2164,0,Website,Chennai,0
T5,2025-06-25,C6,P6,Apparel,1,2341,0,Website,Kolkata,0
T6,2025-06-08,C7,P7,Grocery,4,4719,0,Website,Bangalore,0
T7,2026-05-12,C8,P8,Health,5,1154,0,App,Jaipur,1
T8,2025-11-27,C9,P9,Home,4,3148,0,Website,Mumbai,0
T9,2025-11-06,C10,P10,Sports,5,2071,0,App,Delhi,0
T10,2026-02-21,C11,P11,Health,3,4562,0,Marketplace,Delhi,0
T11,2025-02-12,C12,P12,Home,5,4880,15,Website,Delhi,0
T12,2026-03-27,C13,P13,Home,3,3609,0,Website,Chennai,0
T13,2025-08-27,C14,P14,Health,5,3950,5,App,Delhi,1
T14,2025-08-08,C15,P15,Sports,5,3325,15,App,Pune,0
T15,2025-04-17,C16,P16,Electronics,2,1593,0,Marketplace,Pune,0
T16,2024-11-05,C17,P17,Apparel,1,1976,15,Marketplace,Delhi,0
T17,2025-02-27,C18,P18,Beauty,4,667,0,App,Bangalore,0
T18,2025-05-09,C19,P19,Home,2,779,0,Offline,Jaipur,1
T19,2025-02-04,C20,P20,Home,4,4891,0,App,Chennai,0
T20,2026-03-15,C21,P21,Electronics,3,2463,0,App,Hyderabad,0
T21,2026-03-11,C22,P22,Books,1,1420,10,Website,Jaipur,0
T22,2024-12-23,C23,P23,Beauty,3,2238,10,Website,Mumbai,0
T23,2024-11-23,C24,P24,Grocery,5,4116,0,Offline,Pune,0
T24,2026-02-10,C25,P25,Sports,5,1620,0,App,Bangalore,1
T25,2025-06-05,C26,P26,Health,1,1030,10,Website,Delhi,0
T26,2025-04-05,C27,P27,Books,1,1723,5,Offline,Delhi,0
T27,2025-06-04,C28,P28,Books,3,4637,5,Website,Jaipur,0
T28,2025-03-11,C29,P29,Books,4,2429,0,App,Chennai,1
T29,2026-02-25,C30,P30,Apparel,4,4541,15,Offline,Bangalore,1
T30,2026-04-17,C31,P31,Apparel,3,581,15,Offline,Jaipur,0
T31,2024-12-20,C32,P32,Health,3,2094,5,Marketplace,Chennai,0
T32,2024-08-20,C33,P33,Electronics,4,639,5,App,Hyderabad,0
T33,2025-03-04,C34,P34,Apparel,4,3203,5,Website,Delhi,0
T34,2025-09-17,C35,P35,Health,2,4959,0,Website,Mumbai,0
T35,2024-10-22,C36,P36,Health,4,1512,0,Offline,Jaipur,0
T36,2025-02-27,C37,P37,Apparel,2,1105,5,Marketplace,Delhi,0
T37,2025-08-02,C38,P38,Beauty,3,3943,5,Marketplace,Hyderabad,0
T38,2025-05-22,C39,P39,Health,1,2911,15,Offline,Bangalore,0
T39,2025-05-10,C40,P40,Beauty,3,4827,0,Offline,Jaipur,0
T40,2025-11-09,C41,P41,Health,5,2043,15,Offline,Hyderabad,0
T41,2024-10-05,C42,P42,Apparel,2,4489,0,Website,Mumbai,1
T42,2026-05-12,C43,P43,Health,3,3702,10,Offline,Delhi,0
T43,2024-08-21,C44,P44,Health,2,4186,10,Marketplace,Kolkata,0
T44,2026-05-09,C45,P45,Apparel,3,671,5,Offline,Bangalore,0
T45,2025-10-22,C46,P46,Health,1,3777,5,App,Hyderabad,0
T46,2026-02-06,C47,P47,Health,5,3972,0,Offline,Chennai,0
T47,2025-05-13,C48,P48,Sports,4,896,15,Website,Mumbai,0
T48,2025-05-08,C49,P49,Sports,3,1815,0,Offline,Hyderabad,0
T49,2026-03-04,C50,P50,Electronics,3,667,5,App,Bangalore,0
T50,2025-10-01,C51,P1,Health,5,1311,0,Website,Jaipur,0
T51,2024-12-18,C52,P2,Books,1,3765,0,Website,Kolkata,1
T52,2026-01-02,C53,P3,Sports,1,4251,0,App,Kolkata,0
T53,2025-07-08,C54,P4,Sports,3,694,0,App,Kolkata,0
T54,2026-06-21,C55,P5,Electronics,1,4385,10,Website,Pune,0
T55,2026-01-20,C56,P6,Apparel,4,4555,10,Marketplace,Chennai,0
T56,2025-09-27,C57,P7,Electronics,3,1818,0,Marketplace,Pune,0
T57,2026-05-13,C58,P8,Health,2,1589,15,Marketplace,Mumbai,0
T58,2024-12-02,C59,P9,Beauty,3,4297,5,Website,Kolkata,0
T59,2024-12-07,C60,P10,Home,5,1319,5,Website,Mumbai,0
T60,2026-06-21,C61,P11,Apparel,5,3597,0,App,Pune,0
T61,2026-05-18,C62,P12,Beauty,4,1374,15,Marketplace,Delhi,0
T62,2026-05-21,C63,P13,Electronics,3,894,0,Offline,Kolkata,0
T63,2026-06-06,C64,P14,Electronics,2,2643,10,Offline,Mumbai,0
T64,2025-02-19,C65,P15,Grocery,2,2847,10,Website,Jaipur,0
T65,2025-07-02,C66,P16,Home,2,985,0,Offline,Mumbai,0
T66,2026-05-02,C67,P17,Beauty,4,4190,10,Offline,Pune,0
T67,2025-06-12,C68,P18,Sports,4,3607,5,Marketplace,Kolkata,0
T68,2024-12-07,C69,P19,Beauty,4,4972,5,Offline,Pune,0
T69,2025-06-02,C70,P20,Books,5,3418,15,App,Bangalore,0
T70,2025-04-11,C71,P21,Home,3,4202,0,Website,Jaipur,1
T71,2024-07-20,C72,P22,Sports,5,4072,0,Marketplace,Jaipur,0
T72,2026-06-22,C73,P23,Books,3,1985,5,Marketplace,Pune,0
T73,2026-06-25,C74,P24,Grocery,5,3064,0,Website,Pune,0
T74,2025-05-20,C75,P25,Home,4,2414,10,Website,Hyderabad,0
T75,2025-08-20,C76,P26,Sports,4,2516,0,Website,Chennai,0
T76,2025-07-28,C77,P27,Health,2,2820,0,Marketplace,Jaipur,0
T77,2025-03-18,C78,P28,Books,4,1559,15,Website,Chennai,0
T78,2024-10-10,C79,P29,Electronics,4,4886,5,App,Mumbai,0
T79,2025-11-28,C80,P30,Sports,4,1043,0,Offline,Kolkata,0
T80,2025-04-09,C81,P31,Electronics,1,1867,0,Offline,Kolkata,0
T81,2024-08-11,C82,P32,Electronics,1,2376,0,App,Bangalore,0
T82,2024-10-27,C83,P33,Apparel,2,1104,5,App,Delhi,0
T83,2025-07-24,C84,P34,Grocery,3,3758,10,App,Mumbai,0
T84,2025-09-25,C85,P35,Home,1,1129,5,Website,Mumbai,0
T85,2024-08-11,C86,P36,Apparel,2,4296,15,Marketplace,Mumbai,1
T86,2024-09-09,C87,P37,Health,4,3222,0,Marketplace,Hyderabad,0
T87,2024-08-13,C88,P38,Apparel,4,4930,0,Marketplace,Bangalore,0
T88,2026-02-26,C89,P39,Apparel,3,3598,15,App,Chennai,0
T89,2025-07-08,C90,P40,Apparel,5,668,0,Marketplace,Bangalore,1
T90,2024-12-25,C91,P41,Apparel,5,1236,5,Marketplace,Chennai,0
T91,2024-09-27,C92,P42,Apparel,4,2998,0,Marketplace,Bangalore,0
T92,2025-11-11,C93,P43,Electronics,5,4316,15,Offline,Bangalore,0
T93,2026-05-16,C94,P44,Sports,4,869,5,Marketplace,Delhi,0
T94,2025-07-28,C95,P45,Sports,3,1943,10,App,Pune,0
T95,2024-08-06,C96,P46,Grocery,5,1732,0,Marketplace,Bangalore,0
T96,2024-11-03,C97,P47,Beauty,4,618,0,Marketplace,Mumbai,0
T97,2024-10-13,C98,P48,Sports,2,4218,15,Marketplace,Kolkata,0
T98,2025-03-10,C99,P49,Beauty,5,519,0,Marketplace,Pune,0
T99,2024-09-20,C100,P50,Health,5,696,5,Offline,Hyderabad,0
T100,2026-05-25,C101,P1,Sports,5,720,5,Offline,Jaipur,0
T101,2025-07-20,C102,P2,Books,4,1871,5,Website,Bangalore,0
T102,2025-08-19,C103,P3,Sports,3,559,5,Website,Mumbai,0
T103,2025-06-16,C104,P4,Sports,3,4008,10,Marketplace,Bangalore,0
T104,2025-06-02,C105,P5,Apparel,5,3004,0,Marketplace,Kolkata,0
T105,2025-08-25,C106,P6,Books,3,953,0,Offline,Pune,0
T106,2026-05-05,C107,P7,Health,3,4535,0,Offline,Pune,0
T107,2024-09-11,C108,P8,Electronics,1,992,10,Marketplace,Hyderabad,0
T108,2025-09-19,C109,P9,Apparel,4,2302,0,App,Kolkata,0
T109,2025-03-15,C110,P10,Electronics,1,2865,0,Offline,Chennai,0
T110,2025-02-08,C111,P11,Sports,2,4245,5,Offline,Mumbai,0
T111,2024-08-24,C112,P12,Home,1,2063,0,Marketplace,Delhi,0
T112,2024-09-10,C113,P13,Grocery,4,2155,0,Marketplace,Delhi,1
T113,2024-10-24,C114,P14,Sports,1,3248,0,Marketplace,Chennai,0
T114,2025-05-20,C115,P15,Sports,1,2139,15,Website,Kolkata,0
T115,2024-08-11,C116,P16,Sports,5,642,0,Marketplace,Chennai,0
T116,2024-08-04,C117,P17,Grocery,3,4053,0,Website,Jaipur,0
T117,2024-12-11,C118,P18,Beauty,4,1926,0,Website,Hyderabad,0
T118,2025-09-17,C119,P19,Sports,3,2785,15,Offline,Hyderabad,0
T119,2025-09-17,C120,P20,Books,2,4506,0,Marketplace,Pune,0
T120,2025-12-10,C121,P21,Beauty,2,1427,5,Marketplace,Chennai,0
T121,2024-09-05,C122,P22,Sports,2,3697,0,Marketplace,Kolkata,0
T122,2025-04-28,C123,P23,Grocery,2,1557,0,Website,Mumbai,0
T123,2025-08-19,C124,P24,Beauty,5,4987,0,Website,Delhi,0
T124,2026-04-02,C125,P25,Beauty,1,3846,0,App,Jaipur,0
T125,2025-01-25,C126,P26,Sports,5,3203,0,App,Jaipur,0
T126,2025-02-20,C127,P27,Home,1,3673,5,Website,Chennai,0
T127,2026-01-03,C128,P28,Grocery,5,1029,0,Website,Hyderabad,0
T128,2026-05-24,C129,P29,Books,4,2499,0,Marketplace,Pune,0
T129,2024-10-02,C130,P30,Health,4,3780,0,Offline,Delhi,0
T130,2024-11-14,C131,P31,Books,3,3207,0,Website,Bangalore,0
T131,2025-10-03,C132,P32,Beauty,5,1720,0,App,Kolkata,0
T132,2024-09-14,C133,P33,Health,2,3719,0,Offline,Kolkata,0
T133,2024-09-24,C134,P34,Beauty,1,2152,0,Website,Pune,0
T134,2025-05-23,C135,P35,Sports,5,2823,0,Website,Pune,0
T135,2026-03-06,C136,P36,Apparel,1,3550,0,Website,Chennai,0
T136,2025-03-18,C137,P37,Home,3,2120,10,Website,Hyderabad,0
T137,2025-11-06,C138,P38,Grocery,1,3555,0,App,Kolkata,0
T138,2024-07-02,C139,P39,Electronics,4,1619,0,App,Pune,0
T139,2025-09-19,C140,P40,Grocery,4,545,15,Website,Delhi,0
T140,2026-04-12,C141,P41,Home,5,3650,15,App,Kolkata,1
T141,2025-01-19,C142,P42,Grocery,4,2614,0,App,Delhi,0
T142,2024-08-06,C143,P43,Books,1,3699,0,Offline,Hyderabad,0
T143,2026-03-28,C144,P44,Home,3,644,10,App,Chennai,0
T144,2026-04-24,C145,P45,Apparel,3,2431,15,Marketplace,Delhi,0
T145,2025-05-05,C146,P46,Sports,3,2849,15,App,Chennai,0
T146,2026-05-20,C147,P47,Health,3,2867,0,Website,Hyderabad,0
T147,2026-04-24,C148,P48,Home,4,4995,0,Offline,Bangalore,0
T148,2026-04-25,C149,P49,Apparel,3,2671,0,Marketplace,Chennai,0
T149,2025-01-20,C150,P50,Electronics,3,4748,5,Website,Chennai,1
T150,2025-10-03,C151,P1,Apparel,5,4403,0,App,Kolkata,1
T151,2024-10-20,C152,P2,Grocery,5,4126,15,Offline,Bangalore,0
T152,2025-09-06,C153,P3,Books,4,4197,15,Website,Bangalore,0
T153,2025-11-22,C154,P4,Grocery,4,1352,15,App,Pune,0
T154,2026-03-18,C155,P5,Home,4,3727,0,Offline,Hyderabad,0
T155,2025-03-12,C156,P6,Grocery,3,4945,5,Offline,Chennai,1
T156,2026-04-27,C157,P7,Grocery,1,4260,0,App,Hyderabad,0
T157,2024-08-08,C158,P8,Home,3,4957,15,Offline,Mumbai,0
T158,2025-10-06,C159,P9,Electronics,1,900,0,Marketplace,Hyderabad,0
T159,2025-05-23,C160,P10,Health,5,4766,10,Website,Jaipur,0
T160,2024-11-06,C161,P11,Electronics,5,2403,5,Marketplace,Kolkata,0
T161,2025-11-22,C162,P12,Electronics,1,2314,0,Offline,Kolkata,0
T162,2026-02-08,C163,P13,Sports,3,4977,0,Marketplace,Chennai,0
T163,2026-04-27,C164,P14,Sports,1,3493,0,App,Chennai,0
T164,2024-12-24,C165,P15,Apparel,4,552,10,Website,Kolkata,0
T165,2025-01-08,C166,P16,Books,2,3546,0,Website,Hyderabad,0
T166,2025-09-19,C167,P17,Apparel,5,4001,0,App,Jaipur,0
T167,2026-04-25,C168,P18,Health,2,3115,0,App,Chennai,0
T168,2024-09-27,C169,P19,Beauty,3,3979,0,Offline,Jaipur,1
T169,2025-07-09,C170,P20,Electronics,1,3924,0,Offline,Pune,0
T170,2025-11-21,C171,P21,Sports,4,4586,0,Marketplace,Chennai,0
T171,2025-08-26,C172,P22,Home,4,4107,15,Marketplace,Chennai,0
T172,2026-03-19,C173,P23,Grocery,5,923,15,Offline,Kolkata,0
T173,2026-03-04,C174,P24,Sports,1,2489,0,Offline,Pune,0
T174,2024-09-23,C175,P25,Beauty,5,1721,15,Website,Bangalore,0
T175,2026-03-08,C176,P26,Beauty,3,2083,15,Website,Chennai,0
T176,2025-09-23,C177,P27,Home,3,4974,0,Website,Pune,0
T177,2025-08-10,C178,P28,Apparel,2,1357,5,Offline,Bangalore,0
T178,2025-06-20,C179,P29,Health,4,3234,5,Marketplace,Kolkata,0
T179,2025-04-05,C180,P30,Electronics,4,3863,10,Website,Bangalore,0
T180,2025-08-28,C181,P31,Apparel,1,3435,10,Marketplace,Chennai,0
T181,2024-11-18,C182,P32,Books,4,1677,0,Marketplace,Hyderabad,0
T182,2024-12-15,C183,P33,Beauty,3,974,0,App,Hyderabad,0
T183,2024-07-14,C184,P34,Electronics,3,4969,0,Marketplace,Bangalore,0
T184,2026-02-05,C185,P35,Home,1,4294,5,App,Mumbai,0
T185,2024-08-03,C186,P36,Apparel,3,3055,0,Offline,Bangalore,0
T186,2026-04-28,C187,P37,Apparel,2,4855,0,Marketplace,Kolkata,0
T187,2024-07-09,C188,P38,Grocery,4,2631,15,Offline,Mumbai,0
T188,2024-07-23,C189,P39,Apparel,3,4218,0,Offline,Chennai,0
T189,2025-06-27,C190,P40,Sports,2,945,0,Marketplace,Kolkata,0
T190,2025-08-19,C191,P41,Beauty,4,951,10,Website,Kolkata,0
T191,2024-11-25,C192,P42,Sports,5,1135,5,Offline,Bangalore,0
T192,2024-07-22,C193,P43,Beauty,4,3751,5,Website,Delhi,0
T193,2025-04-22,C194,P44,Books,1,1172,15,Marketplace,Kolkata,0
T194,2026-05-07,C195,P45,Beauty,3,1724,15,App,Chennai,0
T195,2024-10-01,C196,P46,Grocery,4,3795,5,Website,Jaipur,0
T196,2025-10-13,C197,P47,Apparel,1,4308,0,App,Bangalore,0
T197,2025-07-08,C198,P48,Books,5,622,0,App,Bangalore,0
T198,2024-10-23,C199,P49,Health,1,3991,5,Offline,Chennai,0
T199,2025-10-22,C200,P50,Beauty,4,2741,15,Marketplace,Chennai,0
T200,2025-08-07,C1,P1,Grocery,5,667,0,Website,Jaipur,1
T201,2025-01-25,C2,P2,Beauty,1,1630,0,Offline,Pune,0
T202,2025-04-18,C3,P3,Apparel,4,4558,5,App,Mumbai,0
T203,2025-12-07,C4,P4,Grocery,1,762,5,Marketplace,Pune,0
T204,2025-10-06,C5,P5,Apparel,4,3844,15,App,Delhi,0
T205,2025-08-24,C6,P6,Health,5,4832,0,Offline,Bangalore,0
T206,2025-01-20,C7,P7,Health,2,3662,10,Marketplace,Chennai,1
T207,2025-10-06,C8,P8,Sports,4,4592,0,Website,Chennai,0
T208,2026-04-08,C9,P9,Home,3,3756,0,Website,Jaipur,0
T209,2024-09-10,C10,P10,Home,1,683,0,Offline,Hyderabad,0
T210,2025-04-01,C11,P11,Sports,3,2736,15,Offline,Jaipur,1
T211,2025-04-22,C12,P12,Sports,2,2328,0,Website,Bangalore,0
T212,2025-12-08,C13,P13,Sports,2,2888,0,Website,Pune,1
T213,2024-08-25,C14,P14,Electronics,1,1921,15,Offline,Mumbai,0
T214,2025-08-07,C15,P15,Apparel,2,4091,15,App,Mumbai,0
T215,2025-07-11,C16,P16,Health,4,4296,15,Marketplace,Bangalore,0
T216,2025-10-15,C17,P17,Books,3,4094,0,Offline,Chennai,0
T217,2026-03-08,C18,P18,Apparel,3,3776,0,Offline,Bangalore,0
T218,2025-06-23,C19,P19,Apparel,3,2720,0,App,Mumbai,0
T219,2024-08-22,C20,P20,Sports,3,2114,5,Marketplace,Hyderabad,1
T220,2024-11-03,C21,P21,Health,4,3441,0,App,Bangalore,0
T221,2024-11-20,C22,P22,Electronics,5,3806,5,Website,Delhi,1
T222,2026-03-12,C23,P23,Beauty,3,4274,0,Marketplace,Mumbai,0
T223,2025-01-09,C24,P24,Grocery,4,2750,15,Offline,Bangalore,0
T224,2025-09-21,C25,P25,Apparel,5,3143,5,Offline,Chennai,0
T225,2025-03-06,C26,P26,Apparel,4,3227,0,Website,Hyderabad,1
T226,2024-08-19,C27,P27,Health,2,747,10,Marketplace,Jaipur,0
T227,2024-11-02,C28,P28,Home,3,985,0,Marketplace,Jaipur,0
T228,2024-09-08,C29,P29,Health,5,2870,0,Marketplace,Mumbai,1
T229,2025-08-20,C30,P30,Grocery,5,3604,0,Website,Jaipur,0
T230,2024-12-15,C31,P31,Health,4,1707,5,Marketplace,Mumbai,0
T231,2025-07-11,C32,P32,Health,4,3500,0,Offline,Jaipur,0
T232,2026-06-17,C33,P33,Electronics,1,4982,0,Marketplace,Mumbai,0
T233,2026-06-01,C34,P34,Home,2,4046,0,App,Bangalore,0
T234,2025-04-26,C35,P35,Beauty,5,4594,10,Website,Kolkata,0
T235,2024-09-19,C36,P36,Grocery,5,637,0,Website,Hyderabad,0
T236,2024-12-05,C37,P37,Electronics,4,1026,0,Offline,Jaipur,0
T237,2024-08-14,C38,P38,Apparel,4,2465,15,Marketplace,Hyderabad,0
T238,2025-03-11,C39,P39,Sports,4,3248,5,Website,Delhi,0
T239,2026-04-09,C40,P40,Apparel,1,3881,0,Website,Jaipur,0
T240,2026-05-21,C41,P41,Apparel,2,2494,0,App,Mumbai,1
T241,2025-07-13,C42,P42,Beauty,5,783,0,Offline,Jaipur,0
T242,2025-02-19,C43,P43,Books,2,928,0,App,Delhi,0
T243,2025-05-28,C44,P44,Electronics,1,1225,5,Marketplace,Bangalore,0
T244,2025-08-10,C45,P45,Beauty,4,4624,0,Marketplace,Hyderabad,0
T245,2026-01-20,C46,P46,Books,1,4694,5,App,Jaipur,0
T246,2025-03-07,C47,P47,Electronics,5,1638,0,App,Mumbai,0
T247,2025-12-10,C48,P48,Books,5,2028,10,Offline,Bangalore,0
T248,2024-11-28,C49,P49,Sports,4,1459,10,Offline,Chennai,0
T249,2025-12-15,C50,P50,Apparel,3,1548,0,Offline,Pune,0
T250,2024-09-13,C51,P1,Home,2,4597,0,App,Kolkata,0
T251,2025-07-07,C52,P2,Beauty,2,1951,5,App,Chennai,0
T252,2025-05-09,C53,P3,Health,4,3695,15,Marketplace,Delhi,0
T253,2026-03-12,C54,P4,Sports,5,629,15,Offline,Pune,0
T254,2025-08-21,C55,P5,Beauty,1,4496,0,Offline,Mumbai,0
T255,2025-05-09,C56,P6,Sports,3,4135,0,App,Kolkata,0
T256,2026-02-01,C57,P7,Beauty,1,4142,0,Marketplace,Bangalore,0
T257,2025-11-25,C58,P8,Home,1,2852,0,Website,Delhi,0
T258,2025-07-27,C59,P9,Sports,5,1325,0,App,Jaipur,0
T259,2025-04-12,C60,P10,Beauty,4,1671,0,App,Mumbai,0
T260,2025-04-22,C61,P11,Sports,1,4585,0,Website,Kolkata,0
T261,2025-08-15,C62,P12,Apparel,1,2056,5,App,Mumbai,0
T262,2025-10-12,C63,P13,Sports,2,4987,5,App,Chennai,0
T263,2024-08-05,C64,P14,Health,5,567,5,Offline,Jaipur,0
T264,2024-11-13,C65,P15,Books,5,4692,0,Offline,Mumbai,0
T265,2024-09-12,C66,P16,Apparel,2,3362,0,Website,Chennai,0
T266,2024-12-26,C67,P17,Health,4,2678,0,Website,Kolkata,0
T267,2025-07-16,C68,P18,Electronics,3,2999,5,Marketplace,Delhi,0
T268,2024-11-11,C69,P19,Apparel,2,4534,0,Offline,Bangalore,1
T269,2025-12-27,C70,P20,Home,2,2480,5,Marketplace,Delhi,0
T270,2024-09-17,C71,P21,Apparel,1,3347,10,Marketplace,Pune,0
T271,2026-02-12,C72,P22,Home,4,2904,5,Website,Bangalore,1
T272,2026-01-13,C73,P23,Books,1,2554,15,Marketplace,Pune,1
T273,2025-10-05,C74,P24,Beauty,2,3023,0,Marketplace,Pune,1
T274,2026-01-09,C75,P25,Home,4,1923,0,Website,Pune,1
T275,2025-02-17,C76,P26,Apparel,4,930,0,App,Delhi,0
T276,2024-09-12,C77,P27,Electronics,5,4324,0,Marketplace,Pune,0
T277,2026-05-27,C78,P28,Books,5,1483,0,App,Pune,0
T278,2026-02-09,C79,P29,Health,3,3018,0,Offline,Chennai,1
T279,2025-03-06,C80,P30,Books,4,2425,0,Offline,Delhi,0
T280,2025-03-14,C81,P31,Health,1,3692,0,Website,Chennai,1
T281,2026-03-22,C82,P32,Health,1,1287,5,Marketplace,Hyderabad,0
T282,2024-11-10,C83,P33,Books,3,762,15,App,Jaipur,0
T283,2026-06-07,C84,P34,Sports,3,2286,15,Website,Hyderabad,0
T284,2025-05-06,C85,P35,Beauty,4,2794,0,Offline,Hyderabad,0
T285,2026-06-23,C86,P36,Health,1,3818,0,Offline,Hyderabad,0
T286,2025-10-24,C87,P37,Home,3,2403,15,Marketplace,Hyderabad,0
T287,2026-03-14,C88,P38,Apparel,2,3102,5,Website,Jaipur,0
T288,2026-04-11,C89,P39,Home,1,842,0,App,Mumbai,0
T289,2025-09-04,C90,P40,Apparel,3,3817,10,App,Bangalore,0
T290,2025-03-10,C91,P41,Apparel,1,3812,0,Marketplace,Mumbai,0
T291,2026-06-04,C92,P42,Home,3,872,5,Website,Jaipur,0
T292,2026-05-03,C93,P43,Beauty,1,4464,5,Website,Mumbai,0
T293,2025-04-11,C94,P44,Beauty,2,3410,15,Website,Chennai,1
T294,2024-08-06,C95,P45,Electronics,1,740,0,Marketplace,Pune,0
T295,2025-12-03,C96,P46,Grocery,2,2413,10,Offline,Pune,1
T296,2026-03-03,C97,P47,Health,3,511,5,Website,Mumbai,0
T297,2026-04-21,C98,P48,Health,2,1072,10,App,Delhi,0
T298,2025-05-27,C99,P49,Sports,1,3182,10,App,Hyderabad,1
T299,2024-10-21,C100,P50,Books,5,507,5,Marketplace,Kolkata,0
T300,2026-03-04,C101,P1,Electronics,5,2408,5,Offline,Kolkata,0
T301,2024-07-11,C102,P2,Health,2,4346,0,Marketplace,Mumbai,0
T302,2026-02-06,C103,P3,Grocery,1,3325,5,App,Mumbai,0
T303,2026-01-14,C104,P4,Books,4,1192,0,Marketplace,Mumbai,0
T304,2026-03-03,C105,P5,Apparel,3,4535,15,Offline,Kolkata,0
T305,2026-05-26,C106,P6,Electronics,1,3228,0,App,Pune,0
T306,2025-08-25,C107,P7,Apparel,1,1494,5,Marketplace,Jaipur,0
T307,2025-02-27,C108,P8,Apparel,4,3205,10,Website,Hyderabad,0
T308,2025-03-01,C109,P9,Electronics,1,670,10,Marketplace,Jaipur,0
T309,2026-06-28,C110,P10,Health,5,3249,0,App,Jaipur,0
T310,2025-12-23,C111,P11,Books,4,4749,0,Marketplace,Mumbai,0
T311,2024-12-01,C112,P12,Apparel,1,2338,5,App,Delhi,0
T312,2025-11-04,C113,P13,Books,5,2770,10,App,Pune,0
T313,2026-03-08,C114,P14,Sports,4,3436,15,Offline,Kolkata,0
T314,2025-09-07,C115,P15,Books,5,3755,10,Offline,Mumbai,0
T315,2025-12-21,C116,P16,Grocery,5,3603,5,Marketplace,Hyderabad,0
T316,2025-05-22,C117,P17,Sports,2,4853,0,Marketplace,Hyderabad,0
T317,2025-08-08,C118,P18,Home,3,1649,5,Offline,Bangalore,0
T318,2025-08-06,C119,P19,Apparel,3,1950,0,App,Jaipur,0
T319,2025-01-27,C120,P20,Home,2,3333,5,Offline,Jaipur,0
T320,2024-12-05,C121,P21,Electronics,1,3482,15,Offline,Jaipur,0
T321,2024-08-21,C122,P22,Apparel,5,4290,10,Offline,Chennai,0
T322,2025-01-26,C123,P23,Grocery,4,1434,10,App,Mumbai,0
T323,2025-12-26,C124,P24,Home,1,2115,0,Offline,Jaipur,0
T324,2024-07-20,C125,P25,Beauty,4,4937,5,Offline,Hyderabad,0
T325,2025-05-15,C126,P26,Health,1,1905,15,Marketplace,Hyderabad,0
T326,2026-04-08,C127,P27,Home,1,1581,15,App,Hyderabad,0
T327,2024-07-17,C128,P28,Health,1,4501,10,Marketplace,Jaipur,0
T328,2025-05-08,C129,P29,Home,4,2069,15,Offline,Chennai,1
T329,2025-08-18,C130,P30,Home,5,4235,10,App,Pune,1
T330,2024-07-16,C131,P31,Books,5,2075,0,Marketplace,Jaipur,0
T331,2026-02-06,C132,P32,Grocery,4,1784,0,Offline,Pune,1
T332,2025-03-13,C133,P33,Health,1,1434,15,Website,Mumbai,0
T333,2024-09-08,C134,P34,Books,1,1628,0,Website,Hyderabad,1
T334,2024-11-18,C135,P35,Health,5,2209,15,Offline,Pune,0
T335,2025-04-25,C136,P36,Electronics,1,3719,0,Marketplace,Jaipur,0
T336,2025-06-03,C137,P37,Beauty,2,4418,15,Website,Mumbai,0
T337,2025-05-11,C138,P38,Sports,3,1738,0,App,Kolkata,0
T338,2026-03-20,C139,P39,Grocery,5,3123,0,App,Jaipur,0
T339,2026-03-01,C140,P40,Books,1,1859,0,Marketplace,Delhi,0
T340,2024-11-16,C141,P41,Books,2,1791,10,Offline,Bangalore,0
T341,2025-02-06,C142,P42,Electronics,3,4861,0,Marketplace,Pune,0
T342,2024-08-01,C143,P43,Books,4,1172,10,Offline,Mumbai,0
T343,2025-07-03,C144,P44,Grocery,3,3403,0,Website,Pune,0
T344,2026-06-16,C145,P45,Electronics,5,3939,0,Website,Hyderabad,0
T345,2025-10-13,C146,P46,Home,1,4914,10,App,Chennai,0
T346,2025-07-02,C147,P47,Electronics,5,1987,10,App,Mumbai,0
T347,2025-04-01,C148,P48,Sports,5,3539,5,Offline,Hyderabad,0
T348,2025-05-01,C149,P49,Electronics,5,4007,0,Offline,Delhi,0
T349,2024-08-05,C150,P50,Home,2,1593,5,Marketplace,Jaipur,0
T350,2025-07-11,C151,P1,Apparel,1,2174,15,Marketplace,Jaipur,0
T351,2025-03-22,C152,P2,Health,3,2021,0,Offline,Jaipur,0
T352,2024-09-26,C153,P3,Apparel,2,751,10,Marketplace,Chennai,0
T353,2024-08-08,C154,P4,Beauty,2,2300,0,App,Mumbai,0
T354,2026-03-23,C155,P5,Apparel,1,4454,0,Offline,Delhi,0
T355,2025-05-16,C156,P6,Home,4,1962,5,App,Pune,0
T356,2026-02-04,C157,P7,Sports,5,1911,0,Marketplace,Kolkata,0
T357,2026-01-10,C158,P8,Apparel,1,4878,0,Marketplace,Delhi,0
T358,2026-02-21,C159,P9,Electronics,5,3235,0,Offline,Chennai,0
T359,2024-08-07,C160,P10,Books,5,2389,15,App,Chennai,0
T360,2025-04-07,C161,P11,Electronics,1,2935,0,App,Mumbai,0
T361,2026-04-08,C162,P12,Health,4,3886,15,Offline,Pune,0
T362,2025-07-27,C163,P13,Grocery,1,2000,0,Website,Chennai,0
T363,2025-03-15,C164,P14,Health,5,2675,5,Offline,Kolkata,0
T364,2024-09-28,C165,P15,Books,2,4311,15,App,Kolkata,0
T365,2024-11-16,C166,P16,Health,2,3479,10,Marketplace,Chennai,0
T366,2024-10-26,C167,P17,Books,4,4420,0,Offline,Hyderabad,0
T367,2025-10-20,C168,P18,Books,1,4996,0,Website,Delhi,0
T368,2025-01-22,C169,P19,Sports,2,2487,0,Website,Bangalore,1
T369,2024-07-25,C170,P20,Beauty,5,3834,0,App,Mumbai,0
T370,2025-04-03,C171,P21,Books,5,1741,0,App,Chennai,0
T371,2026-03-12,C172,P22,Home,4,2017,0,Website,Chennai,0
T372,2024-11-07,C173,P23,Books,5,4683,5,Website,Chennai,0
T373,2026-06-07,C174,P24,Electronics,3,1457,10,Marketplace,Bangalore,0
T374,2025-05-06,C175,P25,Beauty,4,2976,5,Website,Kolkata,0
T375,2025-03-22,C176,P26,Apparel,5,4466,0,Offline,Jaipur,0
T376,2024-07-18,C177,P27,Health,3,4196,0,Offline,Bangalore,1
T377,2024-07-18,C178,P28,Apparel,5,3130,15,Offline,Pune,0
T378,2026-02-01,C179,P29,Grocery,3,4944,5,Offline,Kolkata,0
T379,2025-10-20,C180,P30,Sports,1,1760,15,Website,Pune,0
T380,2025-01-02,C181,P31,Health,2,1176,5,Website,Delhi,0
T381,2025-05-07,C182,P32,Beauty,5,1968,15,Website,Hyderabad,0
T382,2026-04-11,C183,P33,Home,4,1950,5,App,Hyderabad,0
T383,2025-05-21,C184,P34,Beauty,4,3000,5,Website,Chennai,0
T384,2025-09-04,C185,P35,Health,4,2452,5,Offline,Jaipur,0
T385,2024-07-17,C186,P36,Grocery,2,4565,0,Offline,Delhi,0
T386,2025-08-11,C187,P37,Home,4,3393,0,App,Chennai,0
T387,2026-03-27,C188,P38,Grocery,4,582,5,Website,Jaipur,0
T388,2025-07-22,C189,P39,Sports,2,2885,15,Website,Bangalore,1
T389,2025-08-06,C190,P40,Grocery,5,3426,10,Website,Kolkata,0
T390,2025-07-09,C191,P41,Sports,5,1576,0,Marketplace,Pune,0
T391,2024-08-21,C192,P42,Sports,1,3133,10,App,Hyderabad,0
T392,2024-09-11,C193,P43,Sports,3,1785,0,Marketplace,Mumbai,0
T393,2025-06-22,C194,P44,Electronics,4,3435,5,Offline,Bangalore,1
T394,2026-03-12,C195,P45,Sports,3,4754,10,Website,Pune,0
T395,2025-11-04,C196,P46,Apparel,5,1311,0,Marketplace,Mumbai,0
T396,2026-06-17,C197,P47,Apparel,4,3468,15,Offline,Delhi,0
T397,2026-03-16,C198,P48,Beauty,3,849,5,App,Chennai,0
T398,2024-07-03,C199,P49,Apparel,3,3202,15,Marketplace,Bangalore,1
T399,2025-02-28,C200,P50,Apparel,5,2478,15,Marketplace,Kolkata,0
T400,2025-01-03,C1,P1,Apparel,3,1117,15,App,Kolkata,0
T401,2024-11-04,C2,P2,Sports,5,2176,0,Website,Delhi,0
T402,2025-06-03,C3,P3,Beauty,2,2212,15,App,Bangalore,0
T403,2026-03-21,C4,P4,Books,1,3232,0,Offline,Mumbai,0
T404,2025-01-12,C5,P5,Health,1,3895,0,Offline,Kolkata,0
T405,2025-11-25,C6,P6,Home,3,4810,10,Marketplace,Delhi,0
T406,2025-06-14,C7,P7,Apparel,4,3122,15,App,Chennai,0
T407,2024-08-22,C8,P8,Sports,4,1149,0,Offline,Mumbai,0
T408,2026-03-01,C9,P9,Health,5,697,5,Offline,Delhi,0
T409,2024-09-14,C10,P10,Grocery,1,3771,0,App,Hyderabad,0
T410,2025-02-07,C11,P11,Books,1,1703,10,Website,Chennai,0
T411,2025-08-28,C12,P12,Sports,2,1880,0,Website,Hyderabad,0
T412,2024-11-19,C13,P13,Home,5,2262,10,App,Hyderabad,0
T413,2025-03-07,C14,P14,Home,5,4917,5,Marketplace,Chennai,0
T414,2025-08-04,C15,P15,Books,1,4567,5,Offline,Bangalore,0
T415,2024-12-10,C16,P16,Beauty,3,1614,0,Marketplace,Pune,0
T416,2024-08-09,C17,P17,Sports,3,2786,0,Website,Jaipur,0
T417,2024-09-15,C18,P18,Health,3,3411,0,App,Pune,0
T418,2024-07-04,C19,P19,Beauty,5,3868,0,App,Pune,0
T419,2026-05-24,C20,P20,Grocery,1,1846,0,App,Kolkata,0
T420,2024-08-16,C21,P21,Health,3,1775,0,App,Hyderabad,0
T421,2025-02-27,C22,P22,Health,5,4186,5,App,Hyderabad,0
T422,2024-11-16,C23,P23,Books,1,3623,0,Website,Hyderabad,0
T423,2024-11-01,C24,P24,Electronics,5,1523,0,Website,Mumbai,0
T424,2026-02-05,C25,P25,Books,4,1101,15,Marketplace,Hyderabad,0
T425,2024-09-20,C26,P26,Beauty,1,1503,15,Offline,Bangalore,0
T426,2025-04-20,C27,P27,Grocery,2,1472,15,Website,Kolkata,0
T427,2025-05-22,C28,P28,Sports,3,1098,15,Offline,Jaipur,0
T428,2025-12-02,C29,P29,Books,2,2360,0,Marketplace,Delhi,1
T429,2025-09-23,C30,P30,Electronics,1,1194,10,Offline,Pune,0
T430,2024-08-11,C31,P31,Electronics,2,4401,15,Offline,Mumbai,0
T431,2025-12-23,C32,P32,Grocery,1,4469,0,Marketplace,Jaipur,0
T432,2024-09-26,C33,P33,Health,2,3083,15,Website,Chennai,1
T433,2025-01-12,C34,P34,Health,2,4755,10,Offline,Chennai,0
T434,2025-03-07,C35,P35,Apparel,4,1454,15,Marketplace,Bangalore,0
T435,2025-05-27,C36,P36,Beauty,3,1359,0,Marketplace,Hyderabad,0
T436,2024-12-04,C37,P37,Electronics,1,4934,10,App,Chennai,0
T437,2025-08-08,C38,P38,Beauty,4,4486,15,Offline,Pune,1
T438,2026-02-05,C39,P39,Home,3,4075,10,App,Hyderabad,0
T439,2026-04-02,C40,P40,Sports,3,3981,0,Marketplace,Bangalore,0
T440,2025-05-06,C41,P41,Beauty,1,1416,0,Marketplace,Pune,0
T441,2025-07-16,C42,P42,Apparel,4,2460,5,Marketplace,Delhi,0
T442,2025-12-12,C43,P43,Books,5,4146,5,App,Hyderabad,0
T443,2025-11-20,C44,P44,Books,4,1263,15,Offline,Delhi,0
T444,2025-11-19,C45,P45,Electronics,5,4669,0,Marketplace,Chennai,0
T445,2025-06-10,C46,P46,Books,1,1145,0,App,Jaipur,0
T446,2025-08-24,C47,P47,Home,4,1104,5,App,Mumbai,1
T447,2025-07-10,C48,P48,Electronics,4,3564,0,Offline,Bangalore,0
T448,2024-08-10,C49,P49,Beauty,4,4927,5,Website,Hyderabad,0
T449,2025-09-06,C50,P50,Grocery,4,2445,5,Offline,Bangalore,0
T450,2025-02-11,C51,P1,Health,1,4215,0,Website,Delhi,0
T451,2025-10-18,C52,P2,Apparel,1,2027,0,Website,Pune,0
T452,2026-05-06,C53,P3,Sports,3,1197,0,App,Hyderabad,0
T453,2025-02-04,C54,P4,Apparel,3,799,0,Website,Pune,0
T454,2025-01-10,C55,P5,Apparel,5,2070,0,Marketplace,Hyderabad,0
T455,2025-07-21,C56,P6,Home,2,3074,0,Marketplace,Jaipur,0
T456,2025-03-05,C57,P7,Home,1,1394,0,Website,Hyderabad,0
T457,2024-11-13,C58,P8,Home,1,4364,0,Website,Mumbai,0
T458,2026-06-28,C59,P9,Beauty,2,2045,0,Offline,Kolkata,1
T459,2025-10-06,C60,P10,Electronics,1,1515,0,Offline,Bangalore,0
T460,2025-03-12,C61,P11,Health,2,4111,5,Website,Jaipur,0
T461,2025-08-28,C62,P12,Books,1,4389,5,Marketplace,Jaipur,0
T462,2025-06-24,C63,P13,Books,5,3763,10,Offline,Mumbai,0
T463,2025-04-17,C64,P14,Grocery,1,4389,15,Website,Bangalore,0
T464,2026-02-09,C65,P15,Home,1,878,0,App,Delhi,0
T465,2025-11-07,C66,P16,Home,1,1930,10,App,Bangalore,0
T466,2024-10-10,C67,P17,Health,2,2327,5,Marketplace,Delhi,0
T467,2025-07-20,C68,P18,Grocery,3,4894,10,Offline,Chennai,0
T468,2025-12-26,C69,P19,Electronics,1,675,15,Website,Jaipur,0
T469,2026-01-21,C70,P20,Beauty,1,1500,10,Offline,Chennai,0
T470,2024-10-17,C71,P21,Grocery,5,1010,0,Offline,Delhi,0
T471,2026-01-01,C72,P22,Electronics,3,4237,0,Website,Bangalore,0
T472,2024-07-08,C73,P23,Beauty,4,1048,5,Marketplace,Jaipur,1
T473,2025-01-13,C74,P24,Sports,2,1745,5,Offline,Delhi,0
T474,2024-08-19,C75,P25,Beauty,1,3500,0,Marketplace,Hyderabad,0
T475,2025-11-08,C76,P26,Apparel,4,3211,0,Website,Chennai,0
T476,2025-05-09,C77,P27,Electronics,2,4979,0,Website,Mumbai,0
T477,2025-05-16,C78,P28,Electronics,5,1598,15,App,Delhi,0
T478,2025-03-21,C79,P29,Health,4,4124,0,Offline,Delhi,0
T479,2024-08-28,C80,P30,Sports,3,1262,5,Website,Hyderabad,0
T480,2026-01-28,C81,P31,Home,4,4738,0,Website,Mumbai,1
T481,2025-11-11,C82,P32,Health,1,624,0,Marketplace,Delhi,0
T482,2026-04-15,C83,P33,Beauty,2,1789,15,Marketplace,Kolkata,0
T483,2025-04-27,C84,P34,Health,3,2006,10,App,Chennai,0
T484,2025-06-24,C85,P35,Apparel,4,2186,0,Offline,Jaipur,0
T485,2026-02-06,C86,P36,Apparel,3,1030,0,App,Pune,1
T486,2025-11-05,C87,P37,Sports,4,1473,15,Offline,Delhi,0
T487,2026-05-09,C88,P38,Beauty,2,1851,10,Website,Bangalore,1
T488,2025-08-07,C89,P39,Beauty,4,2349,0,Website,Kolkata,0
T489,2025-08-26,C90,P40,Electronics,5,2606,5,App,Bangalore,0
T490,2025-01-22,C91,P41,Beauty,5,1132,0,Offline,Kolkata,0
T491,2025-04-22,C92,P42,Grocery,2,1372,10,App,Chennai,1
T492,2025-05-14,C93,P43,Beauty,5,3645,5,Marketplace,Jaipur,0
T493,2026-05-01,C94,P44,Beauty,5,1537,10,Offline,Bangalore,0
T494,2025-06-14,C95,P45,Health,2,4666,0,Offline,Kolkata,0
T495,2026-04-21,C96,P46,Health,2,1285,15,Marketplace,Chennai,0
T496,2024-11-07,C97,P47,Apparel,4,1490,5,Marketplace,Delhi,0
T497,2024-10-04,C98,P48,Health,2,536,0,Website,Chennai,0
T498,2025-10-19,C99,P49,Grocery,5,3092,0,Website,Hyderabad,0
T499,2025-08-20,C100,P50,Beauty,3,2712,5,Website,Pune,1
T500,2025-07-13,C101,P1,Health,3,2808,0,Offline,Hyderabad,0
T501,2026-03-25,C102,P2,Sports,5,3652,10,Marketplace,Mumbai,0
T502,2025-10-25,C103,P3,Health,4,844,10,Offline,Delhi,0
T503,2025-06-06,C104,P4,Grocery,1,2578,0,Website,Delhi,0
T504,2024-12-04,C105,P5,Sports,4,612,15,Marketplace,Pune,0
T505,2025-06-15,C106,P6,Grocery,1,4686,0,Website,Delhi,0
T506,2026-01-10,C107,P7,Electronics,3,3830,15,App,Jaipur,1
T507,2024-07-16,C108,P8,Grocery,1,1840,0,Marketplace,Mumbai,0
T508,2024-11-16,C109,P9,Books,1,4810,0,App,Delhi,0
T509,2025-11-01,C110,P10,Sports,1,3601,0,Offline,Chennai,0
T510,2025-02-13,C111,P11,Electronics,5,3016,0,Marketplace,Chennai,0
T511,2025-08-09,C112,P12,Books,1,2494,0,Offline,Hyderabad,0
T512,2026-05-09,C113,P13,Sports,5,3100,5,Website,Bangalore,0
T513,2026-04-25,C114,P14,Apparel,1,974,0,Marketplace,Hyderabad,0
T514,2024-11-19,C115,P15,Beauty,1,913,0,App,Pune,0
T515,2026-01-26,C116,P16,Beauty,2,1482,0,Website,Pune,0
T516,2026-06-12,C117,P17,Beauty,5,1750,15,Marketplace,Pune,0
T517,2024-10-21,C118,P18,Health,4,2667,5,App,Delhi,0
T518,2026-03-12,C119,P19,Apparel,4,2942,10,Website,Pune,0
T519,2026-05-05,C120,P20,Grocery,2,2072,0,Website,Delhi,0
T520,2024-07-03,C121,P21,Electronics,4,2604,10,App,Delhi,0
T521,2025-06-17,C122,P22,Apparel,3,4044,0,App,Hyderabad,0
T522,2025-04-27,C123,P23,Sports,2,4635,0,App,Bangalore,1
T523,2025-12-06,C124,P24,Home,5,2108,0,Marketplace,Jaipur,0
T524,2026-01-24,C125,P25,Books,4,4666,5,Marketplace,Chennai,0
T525,2025-10-18,C126,P26,Health,1,3834,0,Website,Delhi,0
T526,2026-01-17,C127,P27,Grocery,2,3639,15,Marketplace,Pune,0
T527,2025-03-15,C128,P28,Grocery,2,3483,0,Marketplace,Chennai,0
T528,2025-07-06,C129,P29,Beauty,2,2690,0,Marketplace,Jaipur,0
T529,2025-07-06,C130,P30,Home,3,3759,5,Website,Kolkata,0
T530,2024-09-24,C131,P31,Electronics,1,4225,0,App,Kolkata,0
T531,2025-10-24,C132,P32,Home,3,852,0,Offline,Delhi,0
T532,2025-02-19,C133,P33,Home,3,3801,0,App,Delhi,0
T533,2026-06-21,C134,P34,Apparel,5,2182,0,Marketplace,Mumbai,0
T534,2025-04-08,C135,P35,Beauty,5,1171,0,App,Chennai,0
T535,2025-11-05,C136,P36,Books,1,4003,0,Website,Kolkata,0
T536,2026-06-16,C137,P37,Books,3,4826,5,Marketplace,Pune,0
T537,2025-07-02,C138,P38,Health,3,4893,10,App,Pune,0
T538,2025-04-27,C139,P39,Books,2,2292,15,App,Mumbai,0
T539,2025-12-22,C140,P40,Beauty,3,1292,0,Website,Mumbai,0
T540,2024-08-25,C141,P41,Sports,1,4937,10,App,Jaipur,0
T541,2025-06-18,C142,P42,Electronics,2,898,0,Marketplace,Bangalore,0
T542,2025-08-12,C143,P43,Apparel,5,3017,5,Website,Delhi,0
T543,2025-07-01,C144,P44,Apparel,5,2041,10,Website,Pune,0
T544,2025-09-27,C145,P45,Beauty,2,3298,15,Marketplace,Bangalore,0
T545,2025-11-17,C146,P46,Books,5,1126,0,Offline,Bangalore,0
T546,2026-02-03,C147,P47,Apparel,2,2272,5,Marketplace,Bangalore,0
T547,2025-09-18,C148,P48,Beauty,5,2415,10,Marketplace,Bangalore,0
T548,2024-08-24,C149,P49,Books,5,4220,15,App,Pune,0
T549,2024-11-16,C150,P50,Electronics,1,4895,0,Offline,Chennai,0
T550,2026-05-20,C151,P1,Beauty,3,4602,0,Website,Pune,0
T551,2026-02-22,C152,P2,Sports,5,1882,10,Offline,Pune,0
T552,2026-06-08,C153,P3,Apparel,4,4094,15,Website,Hyderabad,0
T553,2026-01-22,C154,P4,Health,5,2836,15,Offline,Chennai,0
T554,2026-05-26,C155,P5,Electronics,4,1993,0,Website,Kolkata,1
T555,2026-05-15,C156,P6,Beauty,2,2059,10,Website,Hyderabad,0
T556,2025-07-14,C157,P7,Beauty,5,3659,10,App,Jaipur,0
T557,2026-02-23,C158,P8,Sports,2,4174,0,Marketplace,Kolkata,0
T558,2025-07-01,C159,P9,Apparel,2,886,5,Offline,Bangalore,1
T559,2025-08-03,C160,P10,Beauty,5,2761,10,Website,Pune,0
T560,2025-09-20,C161,P11,Home,4,3913,0,Website,Bangalore,0
T561,2024-12-18,C162,P12,Home,3,4079,0,Offline,Delhi,0
T562,2025-03-20,C163,P13,Beauty,1,2811,0,Website,Jaipur,0
T563,2024-09-10,C164,P14,Health,1,1514,15,App,Chennai,0
T564,2025-05-13,C165,P15,Electronics,4,1037,0,App,Pune,0
T565,2025-10-04,C166,P16,Sports,3,4588,0,App,Hyderabad,0
T566,2024-09-14,C167,P17,Grocery,4,2431,0,Website,Chennai,0
T567,2025-10-28,C168,P18,Books,3,1629,0,App,Kolkata,0
T568,2025-08-12,C169,P19,Sports,4,3099,5,Marketplace,Pune,0
T569,2024-09-14,C170,P20,Health,5,3760,10,App,Mumbai,0
T570,2024-10-04,C171,P21,Books,5,1223,15,Website,Pune,0
T571,2025-09-11,C172,P22,Electronics,5,2985,10,Offline,Jaipur,0
T572,2025-02-10,C173,P23,Grocery,2,3399,10,App,Pune,1
T573,2024-07-09,C174,P24,Apparel,4,2224,0,Marketplace,Bangalore,0
T574,2024-09-09,C175,P25,Apparel,5,2166,10,App,Jaipur,0
T575,2024-12-14,C176,P26,Home,4,2563,0,Offline,Delhi,0
T576,2025-04-02,C177,P27,Home,3,1433,15,Marketplace,Kolkata,0
T577,2025-08-02,C178,P28,Grocery,3,4229,0,App,Kolkata,0
T578,2026-02-15,C179,P29,Grocery,3,902,0,Offline,Mumbai,0
T579,2025-05-21,C180,P30,Electronics,3,1861,0,App,Hyderabad,0
T580,2025-07-14,C181,P31,Home,2,622,0,Marketplace,Jaipur,0
T581,2024-08-16,C182,P32,Apparel,2,2895,5,Marketplace,Kolkata,0
T582,2024-10-27,C183,P33,Apparel,2,2296,10,Marketplace,Bangalore,0
T583,2026-02-20,C184,P34,Electronics,4,4132,10,Marketplace,Bangalore,0
T584,2025-08-04,C185,P35,Health,5,3263,0,Marketplace,Mumbai,0
T585,2024-08-13,C186,P36,Apparel,4,3077,0,Offline,Jaipur,0
T586,2025-01-23,C187,P37,Sports,1,4140,10,Marketplace,Hyderabad,0
T587,2026-02-03,C188,P38,Apparel,4,4081,0,Website,Hyderabad,1
T588,2024-10-27,C189,P39,Beauty,5,4137,0,Marketplace,Pune,0
T589,2025-10-11,C190,P40,Electronics,2,559,0,App,Kolkata,0
T590,2026-06-10,C191,P41,Beauty,2,2139,0,App,Hyderabad,1
T591,2025-04-17,C192,P42,Sports,4,2439,15,Offline,Hyderabad,0
T592,2026-04-07,C193,P43,Books,3,1337,0,Offline,Pune,0
T593,2024-11-05,C194,P44,Home,5,559,5,App,Delhi,0
T594,2025-05-08,C195,P45,Books,1,1594,10,Offline,Kolkata,0
T595,2024-12-21,C196,P46,Electronics,1,2590,0,App,Pune,0
T596,2024-07-14,C197,P47,Books,4,915,5,App,Pune,0
T597,2025-08-13,C198,P48,Sports,3,3184,5,Website,Hyderabad,0
T598,2026-04-26,C199,P49,Beauty,3,4738,0,Website,Hyderabad,0
T599,2024-12-16,C200,P50,Health,3,1663,10,Offline,Mumbai,0
T600,2025-04-06,C1,P1,Apparel,1,655,5,Offline,Jaipur,0
T601,2025-10-28,C2,P2,Home,1,1271,5,Marketplace,Mumbai,0
T602,2025-01-26,C3,P3,Apparel,4,956,5,App,Kolkata,0
T603,2026-03-21,C4,P4,Apparel,3,4795,10,Offline,Hyderabad,0
T604,2025-06-24,C5,P5,Health,1,1710,15,Marketplace,Jaipur,0
T605,2025-01-03,C6,P6,Apparel,5,965,5,Marketplace,Jaipur,0
T606,2026-06-04,C7,P7,Sports,4,519,5,Offline,Bangalore,0
T607,2025-03-21,C8,P8,Home,2,2777,10,App,Delhi,0
T608,2025-06-02,C9,P9,Electronics,1,1409,0,App,Pune,0
T609,2025-10-08,C10,P10,Home,5,3877,0,Offline,Chennai,0
T610,2025-11-15,C11,P11,Home,4,1852,5,Marketplace,Mumbai,0
T611,2025-04-27,C12,P12,Sports,1,2775,0,Marketplace,Kolkata,0
T612,2025-06-19,C13,P13,Grocery,5,4825,0,Marketplace,Hyderabad,0
T613,2025-06-26,C14,P14,Health,2,3277,10,App,Jaipur,1
T614,2024-12-22,C15,P15,Home,5,2301,0,Offline,Delhi,0
T615,2025-05-24,C16,P16,Books,4,4145,0,App,Mumbai,1
T616,2025-10-09,C17,P17,Home,3,3101,0,Website,Chennai,0
T617,2025-08-18,C18,P18,Home,5,3396,5,Marketplace,Jaipur,0
T618,2026-01-22,C19,P19,Books,1,2311,15,Marketplace,Bangalore,0
T619,2024-07-05,C20,P20,Health,2,4364,5,App,Jaipur,0
T620,2026-02-14,C21,P21,Apparel,1,1242,0,Offline,Kolkata,0
T621,2025-02-19,C22,P22,Home,1,1275,15,App,Pune,0
T622,2025-12-27,C23,P23,Grocery,5,1306,15,Website,Mumbai,0
T623,2024-10-04,C24,P24,Beauty,3,4303,0,Website,Hyderabad,0
T624,2024-09-13,C25,P25,Health,4,4832,10,Offline,Pune,0
T625,2025-10-06,C26,P26,Health,3,2056,15,Marketplace,Bangalore,0
T626,2024-07-11,C27,P27,Electronics,1,1995,15,Marketplace,Chennai,0
T627,2025-03-13,C28,P28,Home,4,2162,15,Offline,Delhi,0
T628,2025-01-03,C29,P29,Sports,5,3000,0,Offline,Mumbai,0
T629,2026-06-12,C30,P30,Beauty,3,1578,0,Marketplace,Pune,0
T630,2025-06-13,C31,P31,Sports,4,2293,10,Website,Kolkata,0
T631,2025-05-02,C32,P32,Beauty,1,2720,0,Marketplace,Jaipur,0
T632,2025-05-20,C33,P33,Electronics,3,4397,0,App,Hyderabad,1
T633,2025-05-10,C34,P34,Books,4,1054,0,Offline,Pune,0
T634,2026-03-11,C35,P35,Home,4,4609,15,Marketplace,Mumbai,0
T635,2025-07-04,C36,P36,Electronics,2,3852,0,App,Hyderabad,1
T636,2026-03-06,C37,P37,Apparel,3,954,0,Offline,Pune,0
T637,2025-07-24,C38,P38,Sports,1,1530,5,App,Pune,0
T638,2025-06-06,C39,P39,Beauty,4,1701,5,App,Jaipur,0
T639,2025-09-06,C40,P40,Health,4,4165,0,Offline,Jaipur,0
T640,2026-02-07,C41,P41,Home,3,3711,10,Offline,Hyderabad,0
T641,2024-09-04,C42,P42,Grocery,5,4739,5,Marketplace,Bangalore,0
T642,2025-04-07,C43,P43,Beauty,3,4287,0,App,Kolkata,1
T643,2025-02-19,C44,P44,Sports,2,3982,10,Offline,Kolkata,0
T644,2024-10-03,C45,P45,Home,4,2502,10,Marketplace,Kolkata,0
T645,2025-09-13,C46,P46,Sports,5,3728,0,Website,Hyderabad,0
T646,2026-03-25,C47,P47,Electronics,5,3576,0,Marketplace,Mumbai,0
T647,2025-01-03,C48,P48,Books,2,3135,0,App,Kolkata,0
T648,2025-08-07,C49,P49,Electronics,5,2565,0,App,Jaipur,0
T649,2025-01-13,C50,P50,Sports,4,2299,15,Website,Chennai,0
T650,2024-11-17,C51,P1,Health,5,2813,5,Marketplace,Chennai,0
T651,2024-09-19,C52,P2,Books,2,3354,15,Offline,Chennai,0
T652,2025-08-17,C53,P3,Health,4,3480,0,App,Jaipur,0
T653,2024-08-04,C54,P4,Beauty,2,2312,0,Marketplace,Hyderabad,0
T654,2025-10-22,C55,P5,Books,2,559,0,Offline,Delhi,0
T655,2024-07-19,C56,P6,Sports,5,1870,0,Marketplace,Jaipur,0
T656,2025-05-04,C57,P7,Apparel,4,1665,15,Website,Kolkata,0
T657,2026-06-03,C58,P8,Beauty,4,1008,0,App,Mumbai,0
T658,2026-03-26,C59,P9,Apparel,4,2220,0,Marketplace,Pune,0
T659,2026-03-26,C60,P10,Books,5,3166,10,App,Hyderabad,1
T660,2025-11-12,C61,P11,Health,1,1879,10,Offline,Hyderabad,0
T661,2024-09-06,C62,P12,Grocery,1,1366,0,Offline,Delhi,0
T662,2025-03-03,C63,P13,Beauty,5,1505,15,Website,Mumbai,0
T663,2025-08-10,C64,P14,Sports,5,2858,15,App,Pune,0
T664,2024-12-13,C65,P15,Apparel,1,2805,0,Marketplace,Hyderabad,0
T665,2025-05-16,C66,P16,Books,3,1422,15,Offline,Chennai,0
T666,2024-09-08,C67,P17,Health,4,1817,0,Marketplace,Delhi,0
T667,2024-10-20,C68,P18,Grocery,4,1250,5,App,Hyderabad,0
T668,2025-10-27,C69,P19,Books,1,4971,0,Website,Kolkata,0
T669,2025-05-11,C70,P20,Home,3,3853,0,Offline,Hyderabad,0
T670,2024-10-22,C71,P21,Sports,2,955,0,Offline,Hyderabad,0
T671,2025-03-09,C72,P22,Apparel,1,1375,0,Website,Kolkata,0
T672,2025-03-02,C73,P23,Home,5,2222,0,Website,Pune,1
T673,2025-04-18,C74,P24,Grocery,5,3031,0,Marketplace,Delhi,0
T674,2025-09-27,C75,P25,Grocery,3,4585,0,Offline,Chennai,0
T675,2025-02-28,C76,P26,Sports,4,3351,0,Website,Hyderabad,0
T676,2025-02-02,C77,P27,Books,5,2352,10,Website,Chennai,0
T677,2026-03-04,C78,P28,Books,5,2268,5,Website,Delhi,0
T678,2024-07-23,C79,P29,Apparel,2,4750,0,App,Mumbai,0
T679,2024-07-11,C80,P30,Health,5,1156,15,Website,Chennai,0
T680,2024-08-15,C81,P31,Grocery,5,1702,0,App,Chennai,0
T681,2026-01-01,C82,P32,Books,2,2284,10,Offline,Bangalore,1
T682,2024-08-02,C83,P33,Sports,4,1873,0,Website,Jaipur,0
T683,2025-04-05,C84,P34,Apparel,5,2319,5,Marketplace,Bangalore,0
T684,2024-09-12,C85,P35,Home,5,962,0,App,Mumbai,0
T685,2024-08-17,C86,P36,Grocery,2,2389,0,Offline,Pune,0
T686,2025-02-10,C87,P37,Electronics,3,2206,10,Marketplace,Delhi,0
T687,2025-03-25,C88,P38,Electronics,3,4317,10,Offline,Bangalore,0
T688,2025-12-20,C89,P39,Apparel,4,2871,0,Offline,Kolkata,0
T689,2025-10-06,C90,P40,Apparel,5,934,0,Website,Mumbai,0
T690,2026-02-11,C91,P41,Sports,2,1996,15,App,Jaipur,0
T691,2025-07-23,C92,P42,Apparel,4,3682,0,Offline,Delhi,0
T692,2026-01-13,C93,P43,Apparel,1,2784,0,Marketplace,Kolkata,0
T693,2025-03-25,C94,P44,Grocery,3,1367,5,App,Kolkata,0
T694,2025-03-13,C95,P45,Books,5,4365,15,Website,Kolkata,0
T695,2024-11-10,C96,P46,Beauty,1,3463,0,App,Kolkata,0
T696,2025-08-12,C97,P47,Grocery,1,1298,15,App,Bangalore,0
T697,2026-01-15,C98,P48,Sports,4,1103,10,Website,Chennai,0
T698,2025-09-04,C99,P49,Beauty,5,3027,0,Website,Mumbai,0
T699,2024-07-13,C100,P50,Books,1,4415,0,Marketplace,Delhi,0
T700,2024-07-22,C101,P1,Sports,1,2436,15,App,Pune,0
T701,2024-11-06,C102,P2,Beauty,4,2527,0,Website,Kolkata,0
T702,2025-04-28,C103,P3,Beauty,4,2478,15,Website,Mumbai,0
T703,2025-08-04,C104,P4,Beauty,4,1638,10,Offline,Chennai,0
T704,2025-09-25,C105,P5,Beauty,3,1976,15,Offline,Jaipur,0
T705,2026-05-15,C106,P6,Books,2,1498,0,Marketplace,Chennai,0
T706,2026-03-12,C107,P7,Sports,1,2401,0,Offline,Pune,0
T707,2025-01-23,C108,P8,Sports,1,2187,10,App,Delhi,0
T708,2025-03-28,C109,P9,Electronics,4,1456,15,Website,Jaipur,0
T709,2026-03-09,C110,P10,Grocery,2,3059,5,Marketplace,Pune,0
T710,2024-12-04,C111,P11,Grocery,4,1878,0,Website,Mumbai,0
T711,2025-04-10,C112,P12,Grocery,3,590,0,Marketplace,Pune,0
T712,2025-08-07,C113,P13,Sports,2,3543,0,Marketplace,Chennai,0
T713,2024-08-07,C114,P14,Apparel,3,2548,15,App,Chennai,0
T714,2025-01-14,C115,P15,Apparel,4,4565,0,App,Pune,0
T715,2025-08-08,C116,P16,Grocery,1,2328,0,Marketplace,Jaipur,0
T716,2024-11-14,C117,P17,Sports,4,655,15,Website,Chennai,0
T717,2025-11-22,C118,P18,Apparel,4,825,5,Website,Bangalore,0
T718,2025-12-26,C119,P19,Grocery,5,1630,15,Website,Hyderabad,0
T719,2026-02-03,C120,P20,Books,5,2661,10,Website,Jaipur,0
T720,2026-04-23,C121,P21,Books,1,4983,15,App,Pune,0
T721,2025-09-17,C122,P22,Books,3,1153,10,Website,Kolkata,1
T722,2025-04-09,C123,P23,Sports,2,2767,0,Marketplace,Chennai,1
T723,2025-04-21,C124,P24,Health,3,2592,15,Marketplace,Pune,0
T724,2026-03-21,C125,P25,Grocery,3,1655,15,Marketplace,Jaipur,0
T725,2025-07-26,C126,P26,Apparel,3,4203,5,Marketplace,Jaipur,0
T726,2025-03-05,C127,P27,Books,1,3641,0,App,Pune,0
T727,2025-09-25,C128,P28,Sports,1,3226,5,Offline,Kolkata,1
T728,2026-04-16,C129,P29,Apparel,1,2169,10,Marketplace,Hyderabad,0
T729,2025-10-09,C130,P30,Beauty,2,3202,15,Marketplace,Jaipur,0
T730,2024-11-03,C131,P31,Beauty,2,3079,0,App,Bangalore,1
T731,2024-11-18,C132,P32,Books,5,4220,5,App,Kolkata,0
T732,2024-08-16,C133,P33,Health,5,583,15,App,Hyderabad,0
T733,2024-10-23,C134,P34,Electronics,1,1991,10,Marketplace,Mumbai,0
T734,2024-11-05,C135,P35,Books,1,1998,0,Marketplace,Bangalore,0
T735,2025-07-27,C136,P36,Beauty,2,2754,0,Offline,Kolkata,0
T736,2025-09-10,C137,P37,Electronics,5,4759,15,App,Mumbai,0
T737,2026-01-24,C138,P38,Beauty,3,3643,5,Website,Kolkata,0
T738,2024-07-08,C139,P39,Grocery,4,4884,10,Offline,Jaipur,0
T739,2025-11-24,C140,P40,Health,5,1283,5,Marketplace,Kolkata,0
T740,2025-08-19,C141,P41,Health,1,3006,0,App,Pune,0
T741,2025-02-04,C142,P42,Sports,4,3746,5,Marketplace,Jaipur,0
T742,2025-08-05,C143,P43,Home,5,2865,0,App,Bangalore,0
T743,2025-02-10,C144,P44,Electronics,5,4757,10,Website,Chennai,0
T744,2026-02-10,C145,P45,Sports,2,2160,5,Offline,Kolkata,0
T745,2026-01-09,C146,P46,Health,4,671,15,Website,Chennai,0
T746,2025-04-08,C147,P47,Beauty,2,2255,10,Website,Mumbai,0
T747,2024-10-11,C148,P48,Home,4,3848,15,Offline,Hyderabad,0
T748,2026-04-06,C149,P49,Apparel,3,608,0,App,Chennai,0
T749,2024-07-14,C150,P50,Sports,3,4765,10,Website,Chennai,0
T750,2024-09-20,C151,P1,Grocery,1,731,0,Marketplace,Jaipur,1
T751,2024-10-20,C152,P2,Grocery,5,2444,0,Offline,Mumbai,1
T752,2024-10-16,C153,P3,Apparel,4,1272,10,Marketplace,Jaipur,0
T753,2026-04-05,C154,P4,Sports,5,1515,0,Marketplace,Delhi,0
T754,2026-04-14,C155,P5,Health,3,1400,0,Website,Bangalore,0
T755,2026-06-27,C156,P6,Sports,4,3557,0,Website,Mumbai,0
T756,2025-10-03,C157,P7,Apparel,2,2518,5,Website,Kolkata,0
T757,2025-06-12,C158,P8,Beauty,2,4503,0,Offline,Pune,0
T758,2026-01-17,C159,P9,Beauty,1,2405,10,Offline,Pune,0
T759,2024-07-11,C160,P10,Electronics,3,2006,10,App,Chennai,0
T760,2026-04-03,C161,P11,Electronics,5,3299,0,Website,Chennai,0
T761,2026-04-24,C162,P12,Home,5,1955,5,Offline,Jaipur,0
T762,2025-10-19,C163,P13,Home,4,4865,15,Marketplace,Pune,0
T763,2024-08-07,C164,P14,Apparel,4,4758,0,App,Bangalore,0
T764,2024-08-26,C165,P15,Sports,4,4265,15,Offline,Bangalore,0
T765,2026-06-07,C166,P16,Books,5,3236,5,Marketplace,Jaipur,0
T766,2025-07-23,C167,P17,Sports,4,1053,15,Website,Hyderabad,0
T767,2024-10-22,C168,P18,Apparel,4,4977,0,App,Pune,0
T768,2026-01-15,C169,P19,Books,3,1174,10,App,Pune,0
T769,2026-03-23,C170,P20,Apparel,3,2762,0,Marketplace,Chennai,0
T770,2026-04-07,C171,P21,Apparel,2,949,0,Marketplace,Jaipur,0
T771,2026-02-26,C172,P22,Books,2,4709,10,Marketplace,Chennai,0
T772,2025-04-16,C173,P23,Home,4,2265,10,App,Bangalore,0
T773,2024-10-20,C174,P24,Books,1,1171,5,App,Delhi,0
T774,2024-08-14,C175,P25,Sports,2,2245,0,Marketplace,Chennai,0
T775,2025-06-14,C176,P26,Home,4,4989,5,Offline,Bangalore,0
T776,2025-06-28,C177,P27,Sports,5,783,5,Marketplace,Kolkata,0
T777,2026-02-07,C178,P28,Health,2,3616,10,App,Kolkata,0
T778,2026-01-15,C179,P29,Health,5,2035,10,App,Kolkata,0
T779,2026-05-09,C180,P30,Beauty,4,3072,0,Website,Hyderabad,0
T780,2026-05-07,C181,P31,Apparel,3,2833,0,Marketplace,Chennai,0
T781,2025-06-08,C182,P32,Grocery,1,4674,0,Marketplace,Hyderabad,0
T782,2024-08-26,C183,P33,Sports,1,638,10,Website,Mumbai,1
T783,2024-10-10,C184,P34,Home,5,4514,5,Website,Kolkata,0
T784,2025-02-08,C185,P35,Grocery,2,549,0,Marketplace,Chennai,0
T785,2025-02-20,C186,P36,Health,5,1417,10,Offline,Bangalore,0
T786,2026-06-12,C187,P37,Sports,2,2666,5,Website,Jaipur,0
T787,2024-07-16,C188,P38,Sports,4,4751,0,Marketplace,Mumbai,0
T788,2026-02-07,C189,P39,Home,3,906,0,Offline,Jaipur,0
T789,2025-01-26,C190,P40,Home,5,1834,10,Offline,Chennai,0
T790,2026-04-25,C191,P41,Health,3,1275,0,Offline,Chennai,0
T791,2026-01-28,C192,P42,Health,4,3942,0,Marketplace,Hyderabad,0
T792,2025-01-19,C193,P43,Home,4,4506,5,Marketplace,Kolkata,0
T793,2024-07-10,C194,P44,Sports,4,3352,15,App,Delhi,0
T794,2024-07-23,C195,P45,Home,2,2015,0,App,Jaipur,0
T795,2025-11-12,C196,P46,Apparel,1,2300,15,App,Pune,0
T796,2024-11-24,C197,P47,Apparel,3,1411,5,Website,Bangalore,0
T797,2025-09-01,C198,P48,Beauty,3,2146,5,App,Jaipur,0
T798,2025-05-05,C199,P49,Health,5,3482,10,Marketplace,Hyderabad,0
T799,2025-07-10,C200,P50,Beauty,1,2400,0,Website,Chennai,0
T800,2025-08-20,C1,P1,Electronics,3,4106,0,Marketplace,Kolkata,0
T801,2025-08-23,C2,P2,Books,4,3350,0,Website,Bangalore,0
T802,2026-01-25,C3,P3,Books,1,2016,5,Offline,Pune,0
T803,2025-02-07,C4,P4,Health,3,1689,0,Website,Kolkata,0
T804,2025-12-15,C5,P5,Health,3,1423,10,App,Jaipur,0
T805,2026-05-21,C6,P6,Books,3,4572,10,Marketplace,Jaipur,0
T806,2024-11-02,C7,P7,Electronics,5,3844,0,Offline,Pune,0
T807,2025-01-18,C8,P8,Home,5,654,15,Marketplace,Hyderabad,0
T808,2026-02-21,C9,P9,Apparel,1,4940,0,Offline,Mumbai,0
T809,2024-08-15,C10,P10,Sports,4,1966,5,Offline,Bangalore,0
T810,2026-05-19,C11,P11,Sports,2,3372,0,Offline,Hyderabad,0
T811,2025-10-11,C12,P12,Home,3,3631,0,Marketplace,Chennai,0
T812,2024-11-08,C13,P13,Home,4,3402,5,Website,Pune,0
T813,2026-03-06,C14,P14,Sports,3,1673,10,Offline,Bangalore,0
T814,2025-09-25,C15,P15,Electronics,2,2580,10,Marketplace,Jaipur,0
T815,2024-10-26,C16,P16,Apparel,5,682,0,Website,Jaipur,0
T816,2026-02-19,C17,P17,Beauty,3,1583,0,Offline,Jaipur,0
T817,2025-03-17,C18,P18,Books,3,3903,0,Offline,Bangalore,0
T818,2025-06-25,C19,P19,Beauty,5,3028,5,App,Bangalore,1
T819,2024-09-11,C20,P20,Apparel,5,3808,0,Marketplace,Pune,0
T820,2026-06-11,C21,P21,Health,2,2468,0,Website,Pune,0
T821,2026-06-03,C22,P22,Books,2,2091,0,App,Bangalore,0
T822,2025-02-01,C23,P23,Sports,4,2061,0,Offline,Bangalore,0
T823,2024-10-15,C24,P24,Apparel,2,3745,15,Website,Delhi,0
T824,2024-12-23,C25,P25,Sports,5,962,0,Website,Mumbai,0
T825,2026-01-12,C26,P26,Home,4,3758,0,Offline,Hyderabad,0
T826,2026-02-23,C27,P27,Electronics,2,3025,15,Offline,Bangalore,0
T827,2025-02-24,C28,P28,Beauty,2,781,15,Website,Kolkata,0
T828,2025-11-19,C29,P29,Electronics,3,4922,15,Website,Delhi,0
T829,2024-10-07,C30,P30,Apparel,4,1628,0,Offline,Jaipur,0
T830,2025-09-10,C31,P31,Sports,1,3081,15,App,Mumbai,0
T831,2024-12-26,C32,P32,Home,3,949,0,Offline,Kolkata,0
T832,2026-01-07,C33,P33,Health,3,984,0,App,Kolkata,0
T833,2025-01-15,C34,P34,Electronics,4,4498,15,Website,Jaipur,0
T834,2025-01-19,C35,P35,Home,5,3212,0,Offline,Jaipur,0
T835,2025-09-20,C36,P36,Apparel,4,3616,0,Website,Bangalore,0
T836,2026-03-13,C37,P37,Electronics,5,790,0,Marketplace,Chennai,1
T837,2025-03-28,C38,P38,Books,3,4222,15,Website,Chennai,0
T838,2026-05-26,C39,P39,Apparel,3,3177,0,Website,Pune,0
T839,2025-03-15,C40,P40,Health,4,1055,10,Offline,Bangalore,0
T840,2024-11-28,C41,P41,Beauty,2,1455,0,Offline,Bangalore,0
T841,2025-04-22,C42,P42,Apparel,1,1448,0,App,Bangalore,0
T842,2025-02-01,C43,P43,Home,2,3775,0,Marketplace,Kolkata,0
T843,2024-11-14,C44,P44,Sports,5,2928,10,Offline,Mumbai,0
T844,2025-02-08,C45,P45,Beauty,3,3626,15,Offline,Delhi,0
T845,2025-04-01,C46,P46,Beauty,5,4479,15,Marketplace,Pune,0
T846,2026-02-06,C47,P47,Books,4,4203,10,Website,Pune,0
T847,2025-01-02,C48,P48,Grocery,2,4726,10,Offline,Hyderabad,1
T848,2024-12-28,C49,P49,Sports,3,4931,10,Marketplace,Jaipur,0
T849,2026-04-14,C50,P50,Sports,1,4556,15,Website,Bangalore,0
T850,2026-06-20,C51,P1,Books,1,2289,0,Website,Mumbai,0
T851,2025-11-18,C52,P2,Apparel,2,3019,0,Website,Bangalore,0
T852,2025-08-11,C53,P3,Health,1,2670,15,Marketplace,Bangalore,0
T853,2025-11-23,C54,P4,Sports,4,1839,15,Website,Pune,0
T854,2025-12-09,C55,P5,Grocery,2,1577,5,App,Pune,0
T855,2024-10-26,C56,P6,Books,5,2929,15,Website,Delhi,0
T856,2024-07-26,C57,P7,Books,1,3973,0,Offline,Jaipur,1
T857,2024-09-11,C58,P8,Beauty,3,4723,0,Marketplace,Bangalore,0
T858,2026-02-08,C59,P9,Beauty,3,2411,0,Offline,Kolkata,0
T859,2025-07-09,C60,P10,Apparel,1,2206,0,Marketplace,Bangalore,0
T860,2024-10-05,C61,P11,Books,5,4962,0,Marketplace,Kolkata,0
T861,2026-05-10,C62,P12,Electronics,5,3332,0,Offline,Kolkata,0
T862,2026-02-17,C63,P13,Home,2,1179,10,Website,Jaipur,0
T863,2024-12-28,C64,P14,Health,3,3492,0,Marketplace,Jaipur,0
T864,2025-12-04,C65,P15,Grocery,4,3002,0,App,Mumbai,0
T865,2024-07-12,C66,P16,Beauty,3,4841,15,Website,Mumbai,1
T866,2025-07-05,C67,P17,Grocery,4,1333,10,Website,Pune,1
T867,2026-03-26,C68,P18,Books,1,2472,0,Website,Delhi,0
T868,2026-03-19,C69,P19,Books,3,3963,15,App,Kolkata,0
T869,2026-06-01,C70,P20,Sports,4,1712,0,Offline,Kolkata,0
T870,2025-01-19,C71,P21,Home,1,3003,10,Offline,Delhi,0
T871,2026-02-05,C72,P22,Apparel,4,4384,5,Website,Kolkata,0
T872,2026-01-06,C73,P23,Apparel,4,3663,15,App,Bangalore,0
T873,2024-09-02,C74,P24,Beauty,5,2105,5,App,Chennai,0
T874,2024-08-09,C75,P25,Beauty,4,3741,0,Website,Bangalore,0
T875,2025-09-21,C76,P26,Grocery,4,2623,0,Website,Hyderabad,0
T876,2025-12-09,C77,P27,Health,2,1546,10,Website,Chennai,0
T877,2025-11-26,C78,P28,Home,3,4258,10,Marketplace,Hyderabad,0
T878,2024-09-24,C79,P29,Health,2,3158,0,App,Bangalore,0
T879,2024-11-22,C80,P30,Sports,4,4536,0,Offline,Chennai,0
T880,2025-04-08,C81,P31,Apparel,1,4423,5,App,Bangalore,0
T881,2024-07-15,C82,P32,Home,4,4396,0,Website,Kolkata,0
T882,2025-03-20,C83,P33,Beauty,4,4956,15,Website,Delhi,0
T883,2026-03-20,C84,P34,Grocery,3,669,5,App,Bangalore,1
T884,2025-01-03,C85,P35,Health,2,3326,0,App,Chennai,0
T885,2025-10-20,C86,P36,Electronics,2,1443,0,Marketplace,Jaipur,0
T886,2024-07-04,C87,P37,Electronics,5,4154,0,Website,Kolkata,0
T887,2026-02-18,C88,P38,Sports,4,4111,0,Website,Jaipur,0
T888,2025-08-26,C89,P39,Grocery,4,3771,0,Marketplace,Pune,0
T889,2025-05-07,C90,P40,Electronics,5,3303,15,App,Pune,0
T890,2024-11-08,C91,P41,Sports,1,4092,0,Marketplace,Delhi,0
T891,2024-12-07,C92,P42,Electronics,5,3123,15,Offline,Mumbai,1
T892,2025-08-04,C93,P43,Books,3,4817,0,Website,Pune,0
T893,2025-08-22,C94,P44,Sports,4,3344,5,Offline,Jaipur,0
T894,2024-07-15,C95,P45,Beauty,2,987,5,Offline,Jaipur,0
T895,2025-03-04,C96,P46,Apparel,1,4596,5,Website,Pune,0
T896,2026-05-22,C97,P47,Beauty,3,776,5,Offline,Pune,0
T897,2025-04-05,C98,P48,Home,3,2310,10,App,Delhi,0
T898,2024-08-14,C99,P49,Grocery,4,1652,10,Marketplace,Pune,1
T899,2025-05-19,C100,P50,Sports,5,2612,10,Offline,Mumbai,0
T900,2024-08-08,C101,P1,Health,1,4765,5,Offline,Chennai,1
T901,2024-11-03,C102,P2,Beauty,2,4933,0,App,Pune,0
T902,2026-05-18,C103,P3,Grocery,5,2023,0,Marketplace,Hyderabad,0
T903,2024-10-20,C104,P4,Apparel,3,1632,10,Website,Jaipur,0
T904,2024-08-08,C105,P5,Electronics,5,2984,0,App,Kolkata,0
T905,2024-09-03,C106,P6,Sports,3,1592,0,Website,Bangalore,1
T906,2024-12-26,C107,P7,Apparel,3,2796,0,Website,Chennai,0
T907,2025-08-04,C108,P8,Apparel,4,4286,5,Offline,Mumbai,0
T908,2025-03-21,C109,P9,Health,3,2146,0,App,Pune,0
T909,2025-10-21,C110,P10,Books,4,968,15,App,Bangalore,0
T910,2026-06-14,C111,P11,Health,1,919,15,Offline,Kolkata,0
T911,2025-06-26,C112,P12,Apparel,4,2976,0,Website,Kolkata,0
T912,2025-01-24,C113,P13,Home,2,3387,5,Offline,Kolkata,0
T913,2026-01-02,C114,P14,Grocery,4,1013,15,Marketplace,Jaipur,0
T914,2024-11-20,C115,P15,Electronics,5,1584,5,Marketplace,Mumbai,0
T915,2025-08-25,C116,P16,Home,5,1550,15,Offline,Mumbai,0
T916,2026-04-24,C117,P17,Books,3,4583,0,Website,Chennai,0
T917,2025-10-17,C118,P18,Electronics,3,3860,5,Marketplace,Pune,0
T918,2026-02-26,C119,P19,Books,4,2413,0,Marketplace,Bangalore,0
T919,2024-09-13,C120,P20,Electronics,4,2896,0,Website,Jaipur,0
T920,2026-04-06,C121,P21,Electronics,3,1756,0,App,Chennai,1
T921,2025-01-10,C122,P22,Health,1,4463,10,Marketplace,Chennai,0
T922,2024-10-22,C123,P23,Sports,5,1620,0,App,Kolkata,0
T923,2026-01-18,C124,P24,Grocery,4,1907,0,App,Bangalore,0
T924,2024-10-23,C125,P25,Books,5,4767,10,Offline,Kolkata,1
T925,2025-05-04,C126,P26,Beauty,1,4657,0,Website,Jaipur,0
T926,2026-05-22,C127,P27,Home,2,3689,15,App,Hyderabad,0
T927,2025-01-21,C128,P28,Electronics,2,4702,0,App,Jaipur,0
T928,2024-12-04,C129,P29,Beauty,4,3536,5,Offline,Bangalore,0
T929,2025-08-11,C130,P30,Apparel,4,2042,10,App,Hyderabad,0
T930,2024-08-01,C131,P31,Electronics,2,4327,0,Offline,Bangalore,0
T931,2025-05-28,C132,P32,Beauty,5,914,15,Offline,Delhi,0
T932,2024-10-05,C133,P33,Grocery,5,2590,15,App,Chennai,0
T933,2025-07-27,C134,P34,Sports,5,3674,0,Website,Delhi,0
T934,2025-09-01,C135,P35,Sports,2,4022,10,Offline,Delhi,0
T935,2025-04-18,C136,P36,Health,3,1425,0,App,Pune,0
T936,2025-11-24,C137,P37,Health,3,2278,0,App,Delhi,0
T937,2025-01-19,C138,P38,Books,1,1017,0,App,Bangalore,0
T938,2025-12-15,C139,P39,Beauty,1,4931,5,Offline,Chennai,0
T939,2025-04-16,C140,P40,Apparel,5,1537,15,App,Delhi,0
T940,2026-05-20,C141,P41,Grocery,3,4807,10,Offline,Hyderabad,0
T941,2025-12-06,C142,P42,Books,2,3741,0,Marketplace,Pune,0
T942,2024-11-24,C143,P43,Health,2,1551,0,Marketplace,Chennai,0
T943,2024-07-04,C144,P44,Books,1,1605,5,Marketplace,Jaipur,0
T944,2025-04-23,C145,P45,Electronics,2,506,0,Marketplace,Jaipur,0
T945,2024-10-03,C146,P46,Grocery,2,3522,0,Website,Pune,0
T946,2024-07-28,C147,P47,Books,5,3223,5,Offline,Hyderabad,0
T947,2025-10-22,C148,P48,Books,3,4931,0,App,Chennai,0
T948,2025-03-19,C149,P49,Books,2,3316,0,Marketplace,Kolkata,0
T949,2024-10-26,C150,P50,Books,5,1683,0,Website,Jaipur,0
T950,2024-07-18,C151,P1,Apparel,1,626,0,Marketplace,Jaipur,0
T951,2024-11-22,C152,P2,Books,2,3383,10,Marketplace,Delhi,0
T952,2026-02-06,C153,P3,Electronics,1,3118,0,Website,Mumbai,0
T953,2025-11-19,C154,P4,Books,4,2087,10,App,Kolkata,0
T954,2025-10-07,C155,P5,Electronics,3,588,0,App,Bangalore,0
T955,2025-08-05,C156,P6,Home,5,2866,0,Offline,Bangalore,1
T956,2026-01-15,C157,P7,Grocery,3,4665,10,App,Kolkata,0
T957,2024-08-16,C158,P8,Grocery,5,4979,0,Website,Chennai,1
T958,2025-12-12,C159,P9,Electronics,5,3019,5,Website,Pune,0
T959,2025-01-09,C160,P10,Apparel,5,2691,0,App,Mumbai,0
T960,2024-12-22,C161,P11,Electronics,3,1844,5,App,Pune,0
T961,2025-09-02,C162,P12,Sports,4,2734,5,Marketplace,Mumbai,1
T962,2026-02-02,C163,P13,Books,3,1687,10,Website,Pune,0
T963,2025-09-21,C164,P14,Apparel,2,1196,10,App,Mumbai,0
T964,2026-05-17,C165,P15,Electronics,2,2415,10,App,Bangalore,0
T965,2025-06-18,C166,P16,Sports,1,2382,0,App,Jaipur,0
T966,2026-01-20,C167,P17,Beauty,5,3430,0,Website,Pune,0
T967,2024-12-02,C168,P18,Electronics,3,4300,0,Marketplace,Jaipur,0
T968,2024-11-15,C169,P19,Beauty,3,556,15,App,Delhi,0
T969,2024-10-23,C170,P20,Grocery,4,2226,5,Marketplace,Chennai,0
T970,2026-03-23,C171,P21,Sports,2,1019,15,App,Mumbai,0
T971,2025-09-02,C172,P22,Grocery,4,4232,0,App,Bangalore,0
T972,2024-08-08,C173,P23,Sports,4,1967,0,Offline,Jaipur,0
T973,2026-03-01,C174,P24,Beauty,3,1429,5,App,Mumbai,0
T974,2025-01-24,C175,P25,Beauty,2,4871,0,Offline,Jaipur,0
T975,2026-03-11,C176,P26,Health,3,874,0,Marketplace,Pune,0
T976,2025-09-27,C177,P27,Grocery,4,3389,0,Website,Kolkata,0
T977,2025-07-04,C178,P28,Apparel,4,1357,15,Website,Kolkata,0
T978,2024-07-13,C179,P29,Home,4,3205,0,Offline,Mumbai,0
T979,2025-10-06,C180,P30,Apparel,2,4647,0,App,Chennai,1
T980,2025-07-23,C181,P31,Apparel,5,1863,10,App,Chennai,0
T981,2024-08-03,C182,P32,Electronics,2,1815,0,App,Kolkata,0
T982,2025-02-27,C183,P33,Apparel,3,1292,5,Offline,Hyderabad,0
T983,2024-12-05,C184,P34,Home,2,3520,5,Offline,Chennai,0
T984,2025-02-20,C185,P35,Grocery,3,1096,0,Marketplace,Hyderabad,0
T985,2025-08-22,C186,P36,Grocery,4,1526,15,App,Pune,0
T986,2025-09-03,C187,P37,Electronics,3,2951,5,App,Hyderabad,0
T987,2025-05-27,C188,P38,Beauty,5,4335,15,Website,Chennai,0
T988,2024-11-16,C189,P39,Health,1,2438,10,App,Jaipur,0
T989,2025-09-04,C190,P40,Books,1,874,15,App,Delhi,0
T990,2024-10-15,C191,P41,Apparel,4,1128,10,Offline,Pune,0
T991,2025-03-13,C192,P42,Home,2,2606,0,App,Kolkata,0
T992,2025-08-17,C193,P43,Books,4,4313,15,Website,Kolkata,0
T993,2025-02-03,C194,P44,Electronics,5,1828,0,Offline,Jaipur,1
T994,2025-08-17,C195,P45,Home,5,3486,0,Marketplace,Hyderabad,0
T995,2025-09-03,C196,P46,Health,2,2918,10,App,Kolkata,0
T996,2024-11-03,C197,P47,Home,2,4717,0,Marketplace,Hyderabad,0
T997,2026-05-03,C198,P48,Sports,5,3048,15,App,Jaipur,0
T998,2026-01-14,C199,P49,Grocery,1,2847,0,App,Chennai,0
T999,2025-03-21,C200,P50,Sports,2,3491,10,Website,Kolkata,0
T1000,2025-07-05,C1,P1,Apparel,2,4379,10,Website,Pune,0
